,ts_code,trade_date,open,high,low,close,pre_close,change,pct_chg,vol,amount
0,601888.SH,20230619,129.5,129.73,126.76,127.3,130.16,-2.86,-2.1973,169945.93,2172702.862
1,601888.SH,20230616,130.5,131.0,127.28,130.16,130.0,0.16,0.1231,275685.71,3558988.188
2,601888.SH,20230615,121.38,130.9,120.2,130.0,121.13,8.87,7.3227,457500.11,5788862.155
3,601888.SH,20230614,121.47,124.31,120.33,121.13,120.8,0.33,0.2732,251451.67,3076538.873
4,601888.SH,20230613,119.5,121.2,118.6,120.8,120.01,0.79,0.6583,142710.83,1711753.043
5,601888.SH,20230612,116.0,121.8,115.0,120.01,116.8,3.21,2.7483,226284.22,2689565.866
6,601888.SH,20230609,117.99,119.37,115.96,116.8,117.58,-0.78,-0.6634,160627.27,1886286.102
7,601888.SH,20230608,116.78,118.88,115.6,117.58,116.58,1.0,0.8578,155788.98,1821550.978
8,601888.SH,20230607,118.44,118.97,116.11,116.58,117.71,-1.13,-0.96,152713.5,1790341.312
9,601888.SH,20230606,120.19,121.3,116.87,117.71,119.55,-1.84,-1.5391,188701.51,2245338.58
10,601888.SH,20230605,122.92,122.92,119.54,119.55,122.81,-3.26,-2.6545,145230.15,1747528.323
11,601888.SH,20230602,122.0,123.94,120.86,122.81,120.95,1.86,1.5378,187072.93,2293208.482
12,601888.SH,20230601,123.48,124.02,120.8,120.95,123.1,-2.15,-1.7465,197160.48,2409214.423
13,601888.SH,20230531,126.0,126.44,122.08,123.1,127.8,-4.7,-3.6776,241034.41,2974548.552
14,601888.SH,20230530,127.87,129.23,125.21,127.8,127.44,0.36,0.2825,121892.11,1551244.055
15,601888.SH,20230529,130.7,131.14,127.39,127.44,130.7,-3.26,-2.4943,134932.51,1733127.345
16,601888.SH,20230526,131.65,132.25,128.88,130.7,131.4,-0.7,-0.5327,109002.42,1420327.024
17,601888.SH,20230525,132.23,133.5,130.67,131.4,133.51,-2.11,-1.5804,126885.79,1672087.716
18,601888.SH,20230524,136.0,136.0,133.51,133.51,136.51,-3.0,-2.1976,104949.67,1412311.803
19,601888.SH,20230523,137.29,138.8,136.5,136.51,138.87,-2.36,-1.6994,113881.45,1567829.765
20,601888.SH,20230522,134.0,140.57,132.53,138.87,135.16,3.71,2.7449,225064.81,3096653.097
21,601888.SH,20230519,134.35,135.82,131.51,135.16,133.88,1.28,0.9561,194958.08,2605367.417
22,601888.SH,20230518,136.0,136.9,133.07,133.88,136.44,-2.56,-1.8763,146812.88,1981037.051
23,601888.SH,20230517,138.5,139.1,135.67,136.44,138.78,-2.34,-1.6861,135995.72,1861414.183
24,601888.SH,20230516,142.0,142.0,137.88,138.78,142.0,-3.22,-2.2676,167254.29,2325536.055
25,601888.SH,20230515,139.0,142.14,138.72,142.0,139.7,2.3,1.6464,148401.93,2084065.56
26,601888.SH,20230512,144.35,145.15,139.69,139.7,144.05,-4.35,-3.0198,187286.41,2652235.49
27,601888.SH,20230511,145.53,146.2,143.8,144.05,144.98,-0.93,-0.6415,120936.75,1755092.126
28,601888.SH,20230510,146.99,147.75,144.72,144.98,147.61,-2.63,-1.7817,167774.31,2444882.592
29,601888.SH,20230509,149.0,150.95,147.6,147.61,149.86,-2.25,-1.5014,160126.99,2388177.895
30,601888.SH,20230508,152.5,152.5,148.11,149.86,152.88,-3.02,-1.9754,188784.29,2823446.696
31,601888.SH,20230505,153.25,154.5,150.99,152.88,153.32,-0.44,-0.287,132287.61,2020904.523
32,601888.SH,20230504,158.0,158.98,151.8,153.32,160.98,-7.66,-4.7584,309365.99,4768652.388
33,601888.SH,20230428,164.77,166.38,157.61,160.98,161.6,-0.62,-0.3837,227472.72,3660437.107
34,601888.SH,20230427,162.1,162.95,160.72,161.6,162.0,-0.4,-0.2469,113458.85,1833217.807
35,601888.SH,20230426,161.67,165.08,161.51,162.0,161.95,0.05,0.0309,120450.04,1959599.371
36,601888.SH,20230425,162.11,162.78,159.12,161.95,163.89,-1.94,-1.1837,147287.85,2372490.208
37,601888.SH,20230424,167.1,167.11,163.01,163.89,167.17,-3.28,-1.9621,140556.15,2312850.122
38,601888.SH,20230421,171.0,171.48,166.66,167.17,171.0,-3.83,-2.2398,166861.01,2809562.365
39,601888.SH,20230420,176.6,176.96,170.2,171.0,176.96,-5.96,-3.368,183436.36,3170302.235
40,601888.SH,20230419,180.4,180.4,175.31,176.96,180.3,-3.34,-1.8525,120753.05,2137285.311
41,601888.SH,20230418,180.32,181.24,178.28,180.3,179.81,0.49,0.2725,99498.32,1787537.931
42,601888.SH,20230417,176.06,180.32,175.15,179.81,174.78,5.03,2.8779,182016.43,3255067.34
43,601888.SH,20230414,176.78,177.5,174.34,174.78,176.65,-1.87,-1.0586,111485.32,1957030.927
44,601888.SH,20230413,175.95,177.32,174.46,176.65,176.0,0.65,0.3693,110459.98,1938712.916
45,601888.SH,20230412,179.27,180.0,175.79,176.0,179.27,-3.27,-1.8241,130403.93,2306412.82
46,601888.SH,20230411,179.87,182.82,178.21,179.27,179.85,-0.58,-0.3225,110630.31,1995413.329
47,601888.SH,20230410,181.16,181.8,178.69,179.85,181.82,-1.97,-1.0835,88417.22,1591044.642
48,601888.SH,20230407,177.0,183.43,176.87,181.82,176.82,5.0,2.8277,151657.73,2754444.07
49,601888.SH,20230406,175.01,180.48,173.64,176.82,178.04,-1.22,-0.6852,143947.86,2546608.757
50,601888.SH,20230404,184.1,184.3,175.9,178.04,184.39,-6.35,-3.4438,259280.16,4657942.478
51,601888.SH,20230403,183.0,187.0,181.01,184.39,183.24,1.15,0.6276,157422.23,2899838.015
52,601888.SH,20230331,187.52,187.99,182.78,183.24,187.47,-4.23,-2.2564,143721.98,2654025.68
53,601888.SH,20230330,182.59,187.57,182.57,187.47,182.54,4.93,2.7008,131501.71,2436582.532
54,601888.SH,20230329,183.4,185.49,181.89,182.54,182.61,-0.07,-0.0383,80704.33,1479806.736
55,601888.SH,20230328,185.6,185.87,181.67,182.61,184.75,-2.14,-1.1583,98442.56,1799425.495
56,601888.SH,20230327,186.33,186.33,183.8,184.75,186.32,-1.57,-0.8426,70079.79,1293425.255
57,601888.SH,20230324,183.7,187.5,183.61,186.32,184.56,1.76,0.9536,81838.45,1523835.514
58,601888.SH,20230323,183.5,185.1,182.0,184.56,184.69,-0.13,-0.0704,77245.64,1418145.375
59,601888.SH,20230322,189.0,189.74,184.04,184.69,188.0,-3.31,-1.7606,123594.61,2298382.22
60,601888.SH,20230321,183.5,188.23,183.11,188.0,182.67,5.33,2.9178,115619.56,2155499.241
61,601888.SH,20230320,185.8,185.8,180.5,182.67,185.3,-2.63,-1.4193,90504.09,1652859.005
62,601888.SH,20230317,186.14,188.8,184.5,185.3,184.26,1.04,0.5644,122350.57,2283431.511
63,601888.SH,20230316,181.0,185.99,180.0,184.26,182.95,1.31,0.716,110335.93,2029892.403
64,601888.SH,20230315,189.61,190.2,182.55,182.95,186.35,-3.4,-1.8245,123775.81,2296215.358
65,601888.SH,20230314,186.1,186.91,183.72,186.35,186.81,-0.46,-0.2462,80749.72,1499754.067
66,601888.SH,20230313,181.53,188.39,181.5,186.81,181.73,5.08,2.7954,150244.19,2801211.305
67,601888.SH,20230310,182.0,183.89,181.66,181.73,184.49,-2.76,-1.496,91582.5,1670820.063
68,601888.SH,20230309,187.78,188.33,183.48,184.49,187.65,-3.16,-1.684,123286.94,2281501.632
69,601888.SH,20230308,187.42,188.45,186.68,187.65,188.6,-0.95,-0.5037,69297.08,1299084.751
70,601888.SH,20230307,191.84,192.7,188.57,188.6,191.93,-3.33,-1.735,115365.39,2196986.702
71,601888.SH,20230306,196.96,197.49,189.88,191.93,196.06,-4.13,-2.1065,190254.96,3654944.819
72,601888.SH,20230303,196.29,197.2,194.55,196.06,195.52,0.54,0.2762,76192.96,1493622.545
73,601888.SH,20230302,196.86,197.8,195.1,195.52,196.85,-1.33,-0.6756,73392.23,1439004.758
74,601888.SH,20230301,197.1,198.7,195.77,196.85,197.58,-0.73,-0.3695,99847.82,1965451.733
75,601888.SH,20230228,198.3,199.29,194.91,197.58,197.31,0.27,0.1368,88489.1,1739191.785
76,601888.SH,20230227,195.7,198.58,194.85,197.31,197.51,-0.2,-0.1013,80008.56,1574683.341
77,601888.SH,20230224,200.67,200.88,197.01,197.51,199.99,-2.48,-1.2401,86520.75,1713111.187
78,601888.SH,20230223,200.2,201.88,199.2,199.99,200.54,-0.55,-0.2743,64544.19,1290616.596
79,601888.SH,20230222,201.57,203.0,200.11,200.54,203.5,-2.96,-1.4545,78749.77,1582361.681
80,601888.SH,20230221,205.0,205.9,201.3,203.5,205.97,-2.47,-1.1992,96533.74,1957352.283
81,601888.SH,20230220,201.07,206.0,198.77,205.97,200.54,5.43,2.7077,117596.14,2389184.781
82,601888.SH,20230217,203.11,206.8,200.51,200.54,204.18,-3.64,-1.7827,102986.13,2090272.681
83,601888.SH,20230216,200.65,207.0,200.65,204.18,200.5,3.68,1.8354,165110.15,3384291.573
84,601888.SH,20230215,205.0,205.45,200.39,200.5,205.45,-4.95,-2.4093,140555.21,2833275.652
85,601888.SH,20230214,207.2,207.8,203.08,205.45,208.0,-2.55,-1.226,138467.68,2828032.692
86,601888.SH,20230213,203.33,208.68,202.21,208.0,204.42,3.58,1.7513,149740.41,3088843.577
87,601888.SH,20230210,205.0,205.2,202.01,204.42,205.69,-1.27,-0.6174,94317.56,1920875.053
88,601888.SH,20230209,204.0,207.99,203.81,205.69,204.31,1.38,0.6754,111068.37,2283160.768
89,601888.SH,20230208,206.01,206.99,204.04,204.31,205.56,-1.25,-0.6081,62145.98,1276909.165
90,601888.SH,20230207,206.01,207.45,204.5,205.56,206.16,-0.6,-0.291,84532.03,1739326.68
91,601888.SH,20230206,208.0,209.0,204.03,206.16,210.96,-4.8,-2.2753,135346.77,2787672.279
92,601888.SH,20230203,213.91,214.0,207.93,210.96,215.22,-4.26,-1.9794,111671.1,2345878.528
93,601888.SH,20230202,213.58,215.57,210.7,215.22,212.85,2.37,1.1135,124110.6,2651656.825
94,601888.SH,20230201,213.99,213.99,208.88,212.85,212.3,0.55,0.2591,158388.28,3339232.501
95,601888.SH,20230131,218.2,219.9,210.98,212.3,217.49,-5.19,-2.3863,177606.81,3807148.859
96,601888.SH,20230130,239.5,239.99,216.4,217.49,230.5,-13.01,-5.6443,300595.8,6730601.758
97,601888.SH,20230120,233.96,234.2,229.79,230.5,231.64,-1.14,-0.4921,71913.93,1662370.152
98,601888.SH,20230119,230.12,232.85,224.55,231.64,229.3,2.34,1.0205,102438.63,2340350.33
99,601888.SH,20230118,233.0,235.0,229.0,229.3,230.99,-1.69,-0.7316,62110.84,1439472.876
100,601888.SH,20230117,233.06,233.71,228.14,230.99,232.8,-1.81,-0.7775,65262.34,1506678.398
101,601888.SH,20230116,230.88,236.0,229.58,232.8,228.5,4.3,1.8818,148098.18,3460836.439
102,601888.SH,20230113,225.02,228.88,224.11,228.5,225.02,3.48,1.5465,98922.66,2246783.419
103,601888.SH,20230112,229.69,232.68,223.4,225.02,228.6,-3.58,-1.5661,97179.9,2200024.086
104,601888.SH,20230111,232.0,232.83,228.5,228.6,231.98,-3.38,-1.457,61821.26,1423463.109
105,601888.SH,20230110,225.5,233.33,224.45,231.98,225.68,6.3,2.7916,131938.43,3050861.781
106,601888.SH,20230109,225.45,226.8,223.3,225.68,224.67,1.01,0.4495,83622.59,1881160.729
107,601888.SH,20230106,225.73,225.84,222.86,224.67,225.9,-1.23,-0.5445,77195.21,1732324.753
108,601888.SH,20230105,217.8,226.69,214.8,225.9,215.11,10.79,5.016,175531.1,3914000.876
109,601888.SH,20230104,213.8,216.91,212.84,215.11,214.1,1.01,0.4717,69785.37,1498138.373
110,601888.SH,20230103,217.0,218.5,212.18,214.1,216.03,-1.93,-0.8934,88056.56,1887601.443
111,601888.SH,20221230,217.88,218.72,213.05,216.03,216.15,-0.12,-0.0555,87758.09,1896340.551
112,601888.SH,20221229,217.0,219.46,215.54,216.15,218.8,-2.65,-1.2112,95850.63,2080115.845
113,601888.SH,20221228,218.0,220.16,216.9,218.8,218.21,0.59,0.2704,76160.85,1665375.526
114,601888.SH,20221227,220.5,220.5,214.96,218.21,218.15,0.06,0.0275,108878.6,2379013.731
115,601888.SH,20221226,225.48,229.55,217.05,218.15,223.33,-5.18,-2.3194,155096.12,3463131.632
116,601888.SH,20221223,220.5,226.78,218.38,223.33,221.04,2.29,1.036,83119.83,1859172.586
117,601888.SH,20221222,217.43,223.91,215.5,221.04,215.09,5.95,2.7663,115472.19,2555154.391
118,601888.SH,20221221,215.4,217.0,213.26,215.09,213.2,1.89,0.8865,66037.12,1421589.578
119,601888.SH,20221220,217.05,218.4,212.3,213.2,218.0,-4.8,-2.2018,102273.15,2195068.195
120,601888.SH,20221219,220.06,222.87,216.8,218.0,221.7,-3.7,-1.6689,82161.53,1795762.258
121,601888.SH,20221216,218.0,222.0,217.5,221.7,219.7,2.0,0.9103,76977.67,1692185.379
122,601888.SH,20221215,222.38,224.02,216.43,219.7,218.84,0.86,0.393,112940.82,2492280.09
123,601888.SH,20221214,214.7,220.6,214.0,218.84,213.74,5.1,2.3861,132262.86,2886867.129
124,601888.SH,20221213,217.0,217.87,212.98,213.74,215.77,-2.03,-0.9408,90772.53,1954930.868
125,601888.SH,20221212,211.0,218.84,210.57,215.77,213.23,2.54,1.1912,139666.37,3021774.48
126,601888.SH,20221209,214.41,214.5,207.3,213.23,214.5,-1.27,-0.5921,150829.05,3180358.584
127,601888.SH,20221208,215.79,216.0,211.01,214.5,214.4,0.1,0.0466,138294.15,2956084.301
128,601888.SH,20221207,213.0,218.25,209.95,214.4,210.0,4.4,2.0952,212911.39,4556668.309
129,601888.SH,20221206,205.69,215.11,204.94,210.0,204.92,5.08,2.479,179801.49,3789553.199
130,601888.SH,20221205,205.0,209.82,201.77,204.92,199.4,5.52,2.7683,186829.19,3845613.915
131,601888.SH,20221202,203.84,204.79,199.0,199.4,204.0,-4.6,-2.2549,128844.03,2591707.565
132,601888.SH,20221201,211.0,213.2,200.8,204.0,197.48,6.52,3.3016,241032.86,4952023.694
133,601888.SH,20221130,194.8,197.6,192.51,197.48,194.97,2.51,1.2874,157039.11,3075272.281
134,601888.SH,20221129,184.01,197.9,183.5,194.97,183.86,11.11,6.0426,204900.63,3920238.617
135,601888.SH,20221128,173.98,184.66,172.11,183.86,178.66,5.2,2.9106,129971.88,2323467.933
136,601888.SH,20221125,179.95,180.5,177.01,178.66,179.1,-0.44,-0.2457,47489.8,849646.185
137,601888.SH,20221124,182.76,182.97,178.4,179.1,181.16,-2.06,-1.1371,60525.45,1089599.269
138,601888.SH,20221123,181.51,182.75,179.85,181.16,183.25,-2.09,-1.1405,66792.01,1208621.647
139,601888.SH,20221122,184.1,186.99,181.51,183.25,184.52,-1.27,-0.6883,74415.24,1365133.999
140,601888.SH,20221121,186.5,186.5,180.0,184.52,190.8,-6.28,-3.2914,123197.89,2251973.741
141,601888.SH,20221118,192.7,194.06,190.51,190.8,192.99,-2.19,-1.1348,61391.65,1178312.367
142,601888.SH,20221117,192.0,195.14,189.0,192.99,194.2,-1.21,-0.6231,101647.27,1943954.248
143,601888.SH,20221116,195.0,200.87,191.68,194.2,191.0,3.2,1.6754,171743.24,3372811.321
144,601888.SH,20221115,188.94,194.5,188.37,191.0,187.5,3.5,1.8667,120024.4,2297702.411
145,601888.SH,20221114,195.88,199.77,186.13,187.5,195.88,-8.38,-4.2781,175578.53,3360435.118
146,601888.SH,20221111,199.0,201.51,190.18,195.88,188.99,6.89,3.6457,262039.27,5133073.288
147,601888.SH,20221110,185.0,191.0,184.1,188.99,189.11,-0.12,-0.0635,92898.99,1744344.476
148,601888.SH,20221109,191.0,193.18,187.93,189.11,191.35,-2.24,-1.1706,58108.63,1101275.73
149,601888.SH,20221108,191.19,193.87,189.23,191.35,191.3,0.05,0.0261,77052.26,1471508.86
150,601888.SH,20221107,192.0,196.9,189.57,191.3,197.09,-5.79,-2.9377,140401.24,2695898.036
151,601888.SH,20221104,182.5,199.0,182.42,197.09,182.61,14.48,7.9295,230569.38,4466993.24
152,601888.SH,20221103,178.0,184.77,177.15,182.61,182.3,0.31,0.17,133650.91,2431603.029
153,601888.SH,20221102,175.5,190.6,174.03,182.3,176.4,5.9,3.3447,293151.94,5330716.124
154,601888.SH,20221101,160.18,176.4,156.51,176.4,160.36,16.04,10.0025,207563.8,3471948.726
155,601888.SH,20221031,164.1,166.5,159.6,160.36,167.45,-7.09,-4.2341,129014.64,2089352.0
156,601888.SH,20221028,168.53,172.86,167.05,167.45,169.0,-1.55,-0.9172,92119.67,1564496.972
157,601888.SH,20221027,172.0,178.0,168.48,169.0,173.01,-4.01,-2.3178,118288.43,2047246.517
158,601888.SH,20221026,171.6,175.49,171.3,173.01,171.39,1.62,0.9452,95181.3,1651802.399
159,601888.SH,20221025,167.8,173.8,166.23,171.39,167.0,4.39,2.6287,109761.61,1873233.841
160,601888.SH,20221024,174.05,174.3,165.03,167.0,175.57,-8.57,-4.8812,170739.47,2872709.296
161,601888.SH,20221021,176.61,179.1,174.55,175.57,179.4,-3.83,-2.1349,82615.73,1456487.156
162,601888.SH,20221020,175.0,183.1,174.15,179.4,179.6,-0.2,-0.1114,141623.45,2517777.962
163,601888.SH,20221019,188.01,188.88,179.6,179.6,189.0,-9.4,-4.9735,83935.33,1531349.719
164,601888.SH,20221018,190.0,192.5,187.34,189.0,186.93,2.07,1.1074,59529.63,1128654.822
165,601888.SH,20221017,184.96,188.2,183.58,186.93,185.46,1.47,0.7926,77149.76,1433788.567
166,601888.SH,20221014,181.88,190.2,181.0,185.46,180.15,5.31,2.9475,105580.36,1969901.664
167,601888.SH,20221013,179.06,182.92,178.81,180.15,181.03,-0.88,-0.4861,61732.05,1118653.678
168,601888.SH,20221012,185.65,185.98,174.44,181.03,185.63,-4.6,-2.478,128276.31,2286524.967
169,601888.SH,20221011,189.5,189.5,185.0,185.63,187.8,-2.17,-1.1555,47973.7,894272.269
170,601888.SH,20221010,197.2,197.65,187.8,187.8,198.25,-10.45,-5.2711,98273.0,1880812.881
171,601888.SH,20220930,198.24,200.5,195.71,198.25,197.25,1.0,0.507,80998.33,1607802.934
172,601888.SH,20220929,203.33,203.5,196.06,197.25,202.48,-5.23,-2.583,95696.93,1900485.778
173,601888.SH,20220928,200.0,204.45,198.57,202.48,202.45,0.03,0.0148,99917.05,2012978.42
174,601888.SH,20220927,194.53,203.58,193.0,202.45,194.51,7.94,4.0821,156715.88,3124713.717
175,601888.SH,20220926,185.33,198.46,185.3,194.51,185.41,9.1,4.908,174269.8,3385505.655
176,601888.SH,20220923,185.88,188.82,183.38,185.41,187.1,-1.69,-0.9033,55779.61,1039080.99
177,601888.SH,20220922,184.0,188.15,181.05,187.1,185.54,1.56,0.8408,74000.59,1370944.621
178,601888.SH,20220921,193.61,195.55,185.01,185.54,194.23,-8.69,-4.4741,115279.78,2175096.386
179,601888.SH,20220920,190.01,195.0,187.7,194.23,188.45,5.78,3.0671,83216.47,1600419.744
180,601888.SH,20220919,190.0,192.2,186.8,188.45,188.51,-0.06,-0.0318,59168.22,1119993.478
181,601888.SH,20220916,190.2,193.71,188.0,188.51,191.35,-2.84,-1.4842,76684.01,1461408.876
182,601888.SH,20220915,192.5,194.18,189.91,191.35,191.55,-0.2,-0.1044,70693.96,1357898.295
183,601888.SH,20220914,189.47,193.66,188.91,191.55,192.47,-0.92,-0.478,59068.6,1129763.837
184,601888.SH,20220913,194.99,195.0,190.55,192.47,191.09,1.38,0.7222,66652.35,1282157.233
185,601888.SH,20220909,184.5,191.6,183.55,191.09,186.0,5.09,2.7366,94229.67,1783484.679
186,601888.SH,20220908,184.84,189.49,184.5,186.0,183.95,2.05,1.1144,75532.41,1415446.126
187,601888.SH,20220907,179.1,184.39,179.1,183.95,182.72,1.23,0.6732,50143.94,917572.965
188,601888.SH,20220906,180.68,184.84,178.2,182.72,180.1,2.62,1.4547,82406.23,1499029.257
189,601888.SH,20220905,179.0,180.1,175.2,180.1,180.31,-0.21,-0.1165,109364.72,1939802.106
190,601888.SH,20220902,184.9,186.6,179.46,180.31,186.8,-6.49,-3.4743,123089.49,2235391.806
191,601888.SH,20220901,194.01,194.96,186.06,186.8,195.5,-8.7,-4.4501,130443.47,2469429.477
192,601888.SH,20220831,188.75,197.77,188.01,195.5,190.4,5.1,2.6786,167077.28,3258767.133
193,601888.SH,20220830,192.25,193.88,187.6,190.4,192.25,-1.85,-0.9623,66467.19,1260054.021
194,601888.SH,20220829,189.69,193.69,189.01,192.25,192.41,-0.16,-0.0832,56423.71,1081563.417
195,601888.SH,20220826,194.0,201.18,192.11,192.41,192.82,-0.41,-0.2126,125491.55,2457992.28
196,601888.SH,20220825,189.7,193.7,187.73,192.82,189.8,3.02,1.5911,81607.58,1557189.041
197,601888.SH,20220824,193.0,195.44,189.0,189.8,192.98,-3.18,-1.6478,79007.81,1520581.28
198,601888.SH,20220823,194.55,195.89,189.7,192.98,193.13,-0.15,-0.0777,87440.18,1684239.536
199,601888.SH,20220822,187.0,194.2,186.66,193.13,188.0,5.13,2.7287,105754.52,2034300.703
200,601888.SH,20220819,188.8,190.78,187.0,188.0,188.62,-0.62,-0.3287,89660.12,1693937.631
201,601888.SH,20220818,191.64,192.99,188.0,188.62,193.16,-4.54,-2.3504,119483.76,2256266.073
202,601888.SH,20220817,190.26,194.5,188.6,193.16,190.18,2.98,1.5669,81581.08,1566842.264
203,601888.SH,20220816,195.1,195.98,190.09,190.18,194.75,-4.57,-2.3466,110942.06,2123027.16
204,601888.SH,20220815,194.01,196.49,192.1,194.75,195.66,-0.91,-0.4651,74316.39,1444213.627
205,601888.SH,20220812,198.0,199.97,194.04,195.66,201.19,-5.53,-2.7486,111859.95,2189587.732
206,601888.SH,20220811,195.59,202.49,194.91,201.19,196.0,5.19,2.648,88964.29,1776783.903
207,601888.SH,20220810,196.5,198.03,193.63,196.0,197.46,-1.46,-0.7394,64083.46,1255800.096
208,601888.SH,20220809,190.52,198.0,190.0,197.46,189.59,7.87,4.1511,127646.67,2495761.297
209,601888.SH,20220808,186.0,192.9,184.0,189.59,198.9,-9.31,-4.6807,213799.46,4038401.018
210,601888.SH,20220805,195.08,200.47,193.08,198.9,200.45,-1.55,-0.7733,132413.9,2603945.733
211,601888.SH,20220804,201.0,201.76,195.36,200.45,200.05,0.4,0.2,125576.5,2497859.219
212,601888.SH,20220803,206.26,209.25,199.38,200.05,206.26,-6.21,-3.0108,153780.69,3109713.337
213,601888.SH,20220802,207.0,210.6,205.55,206.26,211.7,-5.44,-2.5697,112645.47,2337141.939
214,601888.SH,20220801,208.0,213.5,206.33,211.7,209.9,1.8,0.8576,73427.65,1551504.728
215,601888.SH,20220729,214.5,218.6,209.18,209.9,219.98,-10.08,-4.5822,135201.26,2873554.987
216,601888.SH,20220728,222.0,226.66,217.96,219.98,214.83,5.15,2.3972,149652.21,3328966.356
217,601888.SH,20220727,217.05,219.23,214.0,214.83,219.0,-4.17,-1.9041,80367.73,1732717.148
218,601888.SH,20220726,222.9,226.04,217.8,219.0,219.61,-0.61,-0.2778,104426.71,2316825.772
219,601888.SH,20220725,214.6,221.28,213.5,219.61,214.62,4.99,2.325,108154.73,2366044.826
220,601888.SH,20220722,208.0,215.05,208.0,214.62,208.95,5.67,2.7136,106617.62,2271975.739
221,601888.SH,20220721,214.56,214.56,208.7,208.95,214.95,-6.0,-2.7913,82428.54,1737955.528
222,601888.SH,20220720,210.33,216.51,208.74,214.95,209.0,5.95,2.8469,115549.16,2471578.688
223,601888.SH,20220719,211.0,211.25,205.01,209.0,206.58,2.42,1.1715,94218.48,1962955.883
224,601888.SH,20220718,206.0,209.28,201.02,206.58,204.36,2.22,1.0863,83354.0,1715601.81
225,601888.SH,20220715,206.0,212.89,204.0,204.36,208.0,-3.64,-1.75,109201.5,2276786.892
226,601888.SH,20220714,203.0,212.0,203.0,209.5,205.6,3.9,1.8969,125267.77,2617031.32
227,601888.SH,20220713,204.05,207.51,203.41,205.6,203.54,2.06,1.0121,93699.33,1925390.223
228,601888.SH,20220712,207.33,209.38,200.87,203.54,207.35,-3.81,-1.8375,96803.58,1975673.666
229,601888.SH,20220711,206.5,208.5,203.56,207.35,211.97,-4.62,-2.1796,113618.5,2342840.274
230,601888.SH,20220708,214.7,218.16,211.56,211.97,209.41,2.56,1.2225,123725.47,2653308.484
231,601888.SH,20220707,208.0,210.99,204.5,209.41,209.49,-0.08,-0.0382,151339.52,3147499.956
232,601888.SH,20220706,216.49,216.98,207.9,209.49,220.91,-11.42,-5.1695,232459.8,4914514.81
233,601888.SH,20220705,226.3,229.12,217.96,220.91,226.12,-5.21,-2.3041,154793.55,3418618.058
234,601888.SH,20220704,219.8,229.2,216.98,226.12,225.11,1.01,0.4487,143328.31,3222489.748
235,601888.SH,20220701,229.1,230.63,220.2,225.11,232.93,-7.82,-3.3572,166565.78,3751108.256
236,601888.SH,20220630,224.4,237.8,221.24,232.93,219.05,13.88,6.3365,250130.99,5758900.171
237,601888.SH,20220629,225.0,231.18,218.4,219.05,222.88,-3.83,-1.7184,192759.6,4299565.627
238,601888.SH,20220628,213.39,222.88,211.13,222.88,214.4,8.48,3.9552,227107.25,4939883.15
239,601888.SH,20220627,211.0,221.23,210.0,214.4,201.12,13.28,6.603,307551.04,6646711.907
240,601888.SH,20220624,198.69,204.23,197.44,201.12,199.5,1.62,0.812,140763.84,2820792.663
241,601888.SH,20220623,194.8,201.02,194.26,199.5,192.3,7.2,3.7441,149207.48,2957993.128
242,601888.SH,20220622,197.0,197.9,192.09,192.3,197.43,-5.13,-2.5984,117421.04,2281754.702
243,601888.SH,20220621,197.01,200.99,194.8,197.43,197.0,0.43,0.2183,146552.7,2900037.662
244,601888.SH,20220620,190.9,198.35,190.9,197.0,190.39,6.61,3.4718,160089.91,3122034.134
245,601888.SH,20220617,180.0,191.89,179.51,190.39,182.0,8.39,4.6099,183977.37,3455391.185
246,601888.SH,20220616,182.3,185.0,181.36,182.0,181.98,0.02,0.011,76980.5,1409520.311
247,601888.SH,20220615,180.61,186.98,176.7,181.98,181.01,0.97,0.5359,154045.63,2806344.267
248,601888.SH,20220614,175.5,181.47,175.01,181.01,178.31,2.7,1.5142,97468.51,1734260.571
249,601888.SH,20220613,183.0,184.49,175.78,178.31,187.75,-9.44,-5.028,181661.68,3251375.979
250,601888.SH,20220610,184.08,189.4,184.07,187.75,186.9,0.85,0.4548,117697.96,2201439.757
251,601888.SH,20220609,194.01,194.49,185.29,186.9,191.56,-4.66,-2.4327,121694.35,2295700.221
252,601888.SH,20220608,188.0,193.0,186.8,191.56,184.8,6.76,3.658,177916.09,3388404.928
253,601888.SH,20220607,181.82,186.99,179.5,184.8,180.97,3.83,2.1164,156648.26,2896471.582
254,601888.SH,20220606,177.0,181.53,172.42,180.97,175.39,5.58,3.1815,147917.44,2632981.473
255,601888.SH,20220602,175.0,176.66,174.61,175.39,175.92,-0.53,-0.3013,86565.21,1518497.215
256,601888.SH,20220601,178.0,179.8,175.33,175.92,176.7,-0.78,-0.4414,126981.66,2254678.701
257,601888.SH,20220531,171.0,177.89,169.6,176.7,172.0,4.7,2.7326,186136.17,3261895.535
258,601888.SH,20220530,169.89,172.52,166.3,172.0,164.95,7.05,4.274,175704.7,2993308.4
259,601888.SH,20220527,165.3,168.6,164.0,164.95,163.05,1.9,1.1653,117747.21,1957997.495
260,601888.SH,20220526,165.69,166.9,161.0,163.05,165.65,-2.6,-1.5696,119889.96,1953119.304
261,601888.SH,20220525,163.05,167.1,162.43,165.65,164.4,1.25,0.7603,95077.26,1565762.793
262,601888.SH,20220524,167.24,168.2,163.98,164.4,166.77,-2.37,-1.4211,92239.57,1531477.193
263,601888.SH,20220523,176.03,176.5,166.45,166.77,175.75,-8.98,-5.1095,190998.96,3220303.641
264,601888.SH,20220520,169.16,176.0,169.16,175.75,167.8,7.95,4.7378,136996.12,2385927.522
265,601888.SH,20220519,166.0,169.45,165.32,167.8,170.35,-2.55,-1.4969,84778.69,1417758.005
266,601888.SH,20220518,175.7,175.94,168.15,170.35,174.92,-4.57,-2.6126,94997.3,1625549.294
267,601888.SH,20220517,173.98,176.68,172.58,174.92,174.32,0.6,0.3442,68813.49,1201129.107
268,601888.SH,20220516,174.55,178.0,171.88,174.32,173.0,1.32,0.763,101173.78,1767318.476
269,601888.SH,20220513,173.5,174.0,170.11,173.0,171.95,1.05,0.6106,65170.26,1121364.968
270,601888.SH,20220512,173.55,174.85,170.36,171.95,176.65,-4.7,-2.6606,81890.62,1412509.652
271,601888.SH,20220511,166.95,179.49,166.95,176.65,165.95,10.7,6.4477,213629.44,3720667.846
272,601888.SH,20220510,156.0,168.4,155.18,165.95,160.0,5.95,3.7188,151649.64,2477067.809
273,601888.SH,20220509,159.5,163.6,156.22,160.0,163.69,-3.69,-2.2543,135381.76,2157599.611
274,601888.SH,20220506,174.0,175.23,161.88,163.69,179.74,-16.05,-8.9296,213779.6,3576514.825
275,601888.SH,20220505,179.0,182.8,175.44,179.74,181.99,-2.25,-1.2363,123012.1,2207277.275
276,601888.SH,20220429,182.8,183.5,174.3,181.99,181.58,0.41,0.2258,162887.71,2917724.187
277,601888.SH,20220428,181.0,187.66,178.0,181.58,183.99,-2.41,-1.3099,159360.45,2909670.521
278,601888.SH,20220427,178.5,185.33,177.0,183.99,180.02,3.97,2.2053,180307.2,3275885.094
279,601888.SH,20220426,175.0,185.05,175.0,180.02,173.49,6.53,3.7639,202670.12,3655558.199
280,601888.SH,20220425,168.38,181.3,166.1,173.49,176.98,-3.49,-1.972,204194.44,3588737.517
281,601888.SH,20220422,174.0,178.99,171.32,176.98,175.16,1.82,1.0391,104003.05,1825978.803
282,601888.SH,20220421,179.1,181.77,173.5,175.16,182.26,-7.1,-3.8955,123064.25,2175255.751
283,601888.SH,20220420,178.34,186.0,174.76,182.26,178.63,3.63,2.0321,146279.05,2656381.497
284,601888.SH,20220419,178.6,183.67,177.03,178.63,180.88,-2.25,-1.2439,121672.85,2189459.799
285,601888.SH,20220418,179.02,181.99,177.51,180.88,182.24,-1.36,-0.7463,77923.68,1399944.298
286,601888.SH,20220415,178.3,185.8,177.17,182.24,181.58,0.66,0.3635,143881.67,2626712.041
287,601888.SH,20220414,174.76,185.1,174.76,181.58,172.0,9.58,5.5698,234919.15,4253569.857
288,601888.SH,20220413,175.8,176.8,169.72,172.0,171.72,0.28,0.1631,231824.03,4015525.249
289,601888.SH,20220412,157.8,171.72,157.55,171.72,156.11,15.61,9.9994,191928.13,3168752.228
290,601888.SH,20220411,161.19,161.19,153.59,156.11,164.48,-8.37,-5.0888,168853.84,2644726.616
291,601888.SH,20220408,163.91,165.7,160.81,164.48,164.95,-0.47,-0.2849,93035.84,1519190.774
292,601888.SH,20220407,161.8,167.4,161.37,164.95,164.1,0.85,0.518,129956.61,2144947.552
293,601888.SH,20220406,168.2,168.6,163.0,164.1,174.26,-10.16,-5.8304,206321.82,3419982.041
294,601888.SH,20220401,162.64,177.3,162.22,174.26,164.37,9.89,6.0169,193001.45,3331938.288
295,601888.SH,20220331,164.02,167.1,163.4,164.37,167.2,-2.83,-1.6926,82572.19,1361564.18
296,601888.SH,20220330,159.22,168.39,156.88,167.2,156.1,11.1,7.1108,152291.75,2480408.824
297,601888.SH,20220329,159.81,161.65,155.73,156.1,159.5,-3.4,-2.1317,82671.56,1304886.697
298,601888.SH,20220328,157.82,161.97,157.08,159.5,162.85,-3.35,-2.0571,98038.36,1562455.94
299,601888.SH,20220325,167.33,168.9,162.5,162.85,166.62,-3.77,-2.2626,75246.38,1241733.167
300,601888.SH,20220324,168.0,168.8,165.6,166.62,169.11,-2.49,-1.4724,72253.12,1204626.973
301,601888.SH,20220323,171.5,171.93,168.22,169.11,170.15,-1.04,-0.6112,74208.57,1259504.204
302,601888.SH,20220322,169.95,173.0,168.33,170.15,172.95,-2.8,-1.619,76408.62,1300898.034
303,601888.SH,20220321,175.8,175.99,171.11,172.95,176.45,-3.5,-1.9836,81269.63,1407798.593
304,601888.SH,20220318,175.5,177.39,173.1,176.45,175.5,0.95,0.5413,91964.95,1616455.584
305,601888.SH,20220317,176.66,180.08,171.5,175.5,170.0,5.5,3.2353,190610.6,3355257.098
306,601888.SH,20220316,163.8,170.58,161.72,170.0,160.0,10.0,6.25,191153.51,3175698.64
307,601888.SH,20220315,167.58,169.78,159.89,160.0,171.0,-11.0,-6.4327,196120.22,3214909.134
308,601888.SH,20220314,178.88,179.0,170.6,171.0,186.6,-15.6,-8.3601,236363.27,4127953.314
309,601888.SH,20220311,185.0,189.96,179.01,186.6,186.77,-0.17,-0.091,131695.03,2420959.385
310,601888.SH,20220310,192.0,192.55,186.22,186.77,187.83,-1.06,-0.5643,108050.72,2035085.641
311,601888.SH,20220309,192.0,192.5,180.98,187.83,189.5,-1.67,-0.8813,127365.99,2376359.66
312,601888.SH,20220308,191.1,197.15,188.02,189.5,188.28,1.22,0.648,135307.59,2611402.706
313,601888.SH,20220307,197.2,198.0,186.41,188.28,201.45,-13.17,-6.5376,187197.71,3555237.097
314,601888.SH,20220304,195.0,203.0,194.0,201.45,198.27,3.18,1.6039,95333.47,1907422.569
315,601888.SH,20220303,204.99,207.99,197.25,198.27,202.5,-4.23,-2.0889,156642.95,3161735.77
316,601888.SH,20220302,206.2,206.48,201.18,202.5,208.25,-5.75,-2.7611,77692.26,1576069.909
317,601888.SH,20220301,202.05,208.6,200.51,208.25,202.5,5.75,2.8395,100376.12,2063187.599
318,601888.SH,20220228,208.0,210.1,201.58,202.5,210.12,-7.62,-3.6265,107110.33,2183403.22
319,601888.SH,20220225,206.58,212.89,205.55,210.12,203.99,6.13,3.005,85389.27,1794524.315
320,601888.SH,20220224,208.5,210.0,201.6,203.99,210.89,-6.9,-3.2718,100871.31,2066748.681
321,601888.SH,20220223,211.08,212.53,206.66,210.89,210.8,0.09,0.0427,65006.23,1361054.329
322,601888.SH,20220222,213.26,213.39,208.0,210.8,215.55,-4.75,-2.2037,77687.52,1635319.722
323,601888.SH,20220221,219.0,220.0,214.68,215.55,221.35,-5.8,-2.6203,59256.66,1282804.686
324,601888.SH,20220218,218.5,222.88,218.01,221.35,220.53,0.82,0.3718,41836.3,924054.846
325,601888.SH,20220217,224.0,225.53,218.7,220.53,224.2,-3.67,-1.6369,68996.15,1525881.863
326,601888.SH,20220216,224.1,228.08,221.0,224.2,222.84,1.36,0.6103,62136.9,1392784.353
327,601888.SH,20220215,225.0,225.0,218.87,222.84,227.5,-4.66,-2.0484,97733.45,2171354.025
328,601888.SH,20220214,229.88,231.88,224.0,227.5,225.43,2.07,0.9182,141552.73,3234608.806
329,601888.SH,20220211,221.2,230.5,221.16,225.43,224.0,1.43,0.6384,156914.23,3548097.379
330,601888.SH,20220210,212.97,225.18,210.8,224.0,212.6,11.4,5.3622,176478.56,3869996.397
331,601888.SH,20220209,209.51,215.1,206.8,212.6,210.38,2.22,1.0552,91399.46,1927562.397
332,601888.SH,20220208,210.74,212.49,204.96,210.38,210.81,-0.43,-0.204,71435.79,1483621.383
333,601888.SH,20220207,214.6,217.0,208.37,210.81,206.56,4.25,2.0575,105617.34,2242957.571
334,601888.SH,20220128,206.75,214.48,203.4,206.56,203.7,2.86,1.404,142432.91,2975884.053
335,601888.SH,20220127,207.0,208.5,201.62,203.7,207.35,-3.65,-1.7603,74415.1,1527117.436
336,601888.SH,20220126,207.35,209.0,203.37,207.35,206.63,0.72,0.3484,71047.69,1462685.453
337,601888.SH,20220125,205.01,210.86,204.7,206.63,207.3,-0.67,-0.3232,103818.17,2162184.652
338,601888.SH,20220124,204.0,209.98,202.2,207.3,200.66,6.64,3.3091,119055.71,2462726.554
339,601888.SH,20220121,197.0,203.0,196.8,200.66,193.88,6.78,3.497,155631.49,3112539.312
340,601888.SH,20220120,188.03,194.77,187.02,193.88,188.62,5.26,2.7887,113686.5,2187758.671
341,601888.SH,20220119,189.2,191.66,185.12,188.62,190.71,-2.09,-1.0959,91895.28,1731091.104
342,601888.SH,20220118,191.99,192.95,188.0,190.71,190.43,0.28,0.147,98537.26,1880747.425
343,601888.SH,20220117,190.0,196.04,187.79,190.43,200.49,-10.06,-5.0177,211385.79,4056995.454
344,601888.SH,20220114,205.5,205.5,200.2,200.49,207.03,-6.54,-3.159,96970.09,1957433.695
345,601888.SH,20220113,212.91,213.66,206.65,207.03,212.0,-4.97,-2.3443,70093.96,1470628.656
346,601888.SH,20220112,201.0,213.79,201.0,212.0,201.21,10.79,5.3626,129775.21,2715587.466
347,601888.SH,20220111,204.03,205.88,200.0,201.21,207.11,-5.9,-2.8487,91606.45,1851608.9
348,601888.SH,20220110,204.0,207.8,194.28,207.11,207.78,-0.67,-0.3225,139978.1,2813601.81
349,601888.SH,20220107,209.98,212.6,206.9,207.78,210.11,-2.33,-1.1089,69911.35,1463731.05
350,601888.SH,20220106,211.12,213.9,207.5,210.11,214.2,-4.09,-1.9094,93276.94,1957378.261
351,601888.SH,20220105,214.1,218.5,211.53,214.2,214.06,0.14,0.0654,94938.75,2036222.831
352,601888.SH,20220104,221.68,222.47,210.59,214.06,219.41,-5.35,-2.4384,111434.43,2383922.19
353,601888.SH,20211231,219.34,221.5,216.66,219.41,217.5,1.91,0.8782,61691.15,1352592.731
354,601888.SH,20211230,215.76,220.23,215.48,217.5,215.98,1.52,0.7038,59500.06,1299196.296
355,601888.SH,20211229,222.0,222.79,214.49,215.98,222.72,-6.74,-3.0262,75763.11,1645674.822
356,601888.SH,20211228,220.0,225.86,219.21,222.72,220.0,2.72,1.2364,94466.21,2109087.508
357,601888.SH,20211227,217.0,220.99,216.28,220.0,217.9,2.1,0.9637,83927.23,1837323.136
358,601888.SH,20211224,210.0,219.47,206.0,217.9,210.35,7.55,3.5893,118301.93,2522862.411
359,601888.SH,20211223,213.03,213.99,209.07,210.35,212.01,-1.66,-0.783,79259.8,1668350.303
360,601888.SH,20211222,217.88,218.99,210.6,212.01,215.0,-2.99,-1.3907,79081.32,1686463.738
361,601888.SH,20211221,214.6,217.14,213.58,215.0,212.5,2.5,1.1765,51188.42,1102044.872
362,601888.SH,20211220,212.0,217.0,211.81,212.5,217.28,-4.78,-2.1999,78118.31,1670160.808
363,601888.SH,20211217,224.88,224.88,217.01,217.28,225.05,-7.77,-3.4526,95944.92,2103206.98
364,601888.SH,20211216,224.88,225.88,220.2,225.05,223.29,1.76,0.7882,73002.21,1630349.313
365,601888.SH,20211215,227.93,229.5,223.29,223.29,228.0,-4.71,-2.0658,77944.6,1754103.421
366,601888.SH,20211214,226.9,230.5,226.0,228.0,229.2,-1.2,-0.5236,83378.58,1899538.459
367,601888.SH,20211213,231.0,234.8,228.0,229.2,229.68,-0.48,-0.209,105077.01,2430628.557
368,601888.SH,20211210,226.03,231.5,226.0,229.68,228.38,1.3,0.5692,135796.19,3110904.289
369,601888.SH,20211209,215.9,230.04,215.0,228.38,215.46,12.92,5.9965,241829.74,5465319.968
370,601888.SH,20211208,212.5,216.23,210.18,215.46,213.0,2.46,1.1549,100937.32,2167111.727
371,601888.SH,20211207,211.6,214.57,209.1,213.0,211.99,1.01,0.4764,101720.85,2160458.075
372,601888.SH,20211206,209.16,213.6,207.0,211.99,204.06,7.93,3.8861,198125.43,4178501.735
373,601888.SH,20211203,202.13,204.38,197.2,204.06,201.82,2.24,1.1099,125997.93,2534763.866
374,601888.SH,20211202,202.5,204.8,201.81,201.82,202.89,-1.07,-0.5274,62781.43,1272913.186
375,601888.SH,20211201,204.0,206.0,201.31,202.89,205.45,-2.56,-1.246,94071.3,1906373.031
376,601888.SH,20211130,204.0,209.89,204.0,205.45,203.3,2.15,1.0576,116322.8,2403797.667
377,601888.SH,20211129,204.98,209.0,201.28,203.3,211.32,-8.02,-3.7952,200975.6,4095370.434
378,601888.SH,20211126,210.85,213.87,207.0,211.32,211.8,-0.48,-0.2266,91466.24,1926550.114
379,601888.SH,20211125,220.0,221.1,211.5,211.8,220.99,-9.19,-4.1586,179791.34,3862184.034
380,601888.SH,20211124,220.0,221.69,218.56,220.99,220.5,0.49,0.2222,74742.61,1645521.045
381,601888.SH,20211123,224.0,225.6,218.18,220.5,223.56,-3.06,-1.3688,120740.34,2668308.323
382,601888.SH,20211122,224.1,226.5,222.5,223.56,225.3,-1.74,-0.7723,97721.99,2184699.165
383,601888.SH,20211119,224.0,226.68,223.38,225.3,224.1,1.2,0.5355,51376.19,1156644.778
384,601888.SH,20211118,228.45,228.5,223.9,224.1,230.44,-6.34,-2.7513,79827.73,1797312.559
385,601888.SH,20211117,232.3,233.31,229.66,230.44,234.0,-3.56,-1.5214,53471.4,1235433.065
386,601888.SH,20211116,230.0,236.0,228.51,234.0,229.88,4.12,1.7922,93022.4,2170333.568
387,601888.SH,20211115,228.94,230.0,223.0,229.88,223.56,6.32,2.827,103553.77,2359867.477
388,601888.SH,20211112,233.31,233.48,222.03,223.56,228.8,-5.24,-2.2902,108047.23,2429975.795
389,601888.SH,20211111,226.0,231.18,225.0,228.8,227.11,1.69,0.7441,63296.51,1445539.403
390,601888.SH,20211110,228.61,228.77,222.77,227.11,227.62,-0.51,-0.2241,66938.29,1510850.574
391,601888.SH,20211109,231.66,231.66,225.4,227.62,229.42,-1.8,-0.7846,68148.99,1551439.347
392,601888.SH,20211108,230.9,236.6,228.51,229.42,230.78,-1.36,-0.5893,98147.35,2271535.038
393,601888.SH,20211105,235.15,235.5,230.08,230.78,233.66,-2.88,-1.2326,78071.41,1812521.117
394,601888.SH,20211104,230.85,236.65,230.7,233.66,228.3,5.36,2.3478,116178.74,2717028.805
395,601888.SH,20211103,224.88,229.85,222.9,228.3,222.88,5.42,2.4318,180544.46,4103398.471
396,601888.SH,20211102,230.0,233.0,217.95,222.88,241.61,-18.73,-7.7522,477077.25,10732991.966
397,601888.SH,20211101,246.24,247.0,241.61,241.61,268.46,-26.85,-10.0015,96054.0,2328676.041
398,601888.SH,20211029,262.08,271.5,262.0,268.46,264.48,3.98,1.5048,81576.49,2177786.981
399,601888.SH,20211028,257.25,266.6,256.83,264.48,258.0,6.48,2.5116,69057.81,1819180.708
400,601888.SH,20211027,262.0,262.0,257.65,258.0,265.0,-7.0,-2.6415,55549.89,1438538.931
401,601888.SH,20211026,265.0,270.47,263.33,265.0,264.47,0.53,0.2004,51303.1,1362585.753
402,601888.SH,20211025,266.03,267.93,261.06,264.47,269.0,-4.53,-1.684,74562.03,1960368.611
403,601888.SH,20211022,258.94,272.56,257.55,269.0,257.0,12.0,4.6693,109698.19,2916982.413
404,601888.SH,20211021,258.0,260.97,254.23,257.0,259.5,-2.5,-0.9634,66800.52,1715329.827
405,601888.SH,20211020,264.35,266.77,256.3,259.5,259.12,0.38,0.1467,72671.57,1888054.323
406,601888.SH,20211019,259.38,264.5,258.0,259.12,259.84,-0.72,-0.2771,62470.65,1629992.558
407,601888.SH,20211018,268.55,268.55,256.01,259.84,269.55,-9.71,-3.6023,90551.51,2351444.074
408,601888.SH,20211015,273.0,273.0,263.66,269.55,273.09,-3.54,-1.2963,92446.02,2474570.481
409,601888.SH,20211014,277.0,279.37,269.23,273.09,278.2,-5.11,-1.8368,92772.06,2535195.39
410,601888.SH,20211013,266.0,278.68,263.02,278.2,267.2,11.0,4.1168,110126.53,3015947.184
411,601888.SH,20211012,265.69,269.72,261.69,267.2,263.5,3.7,1.4042,86359.91,2310194.612
412,601888.SH,20211011,270.3,276.19,262.38,263.5,270.3,-6.8,-2.5157,120324.46,3233411.687
413,601888.SH,20211008,272.0,275.4,267.01,270.3,260.0,10.3,3.9615,158293.28,4303197.664
414,601888.SH,20210930,262.0,266.0,255.62,260.0,251.28,8.72,3.4702,169627.36,4443265.688
415,601888.SH,20210929,249.87,253.7,244.44,251.28,253.98,-2.7,-1.0631,81017.06,2020772.847
416,601888.SH,20210928,255.0,256.77,246.6,253.98,256.72,-2.74,-1.0673,91352.49,2308453.397
417,601888.SH,20210927,248.0,262.17,247.6,256.72,247.0,9.72,3.9352,165767.68,4268883.352
418,601888.SH,20210924,233.03,250.73,232.0,247.0,234.6,12.4,5.2856,137686.32,3377118.242
419,601888.SH,20210923,234.0,238.97,233.08,234.6,238.12,-3.52,-1.4782,96699.38,2273130.016
420,601888.SH,20210922,245.0,248.0,236.36,238.12,249.5,-11.38,-4.5611,86427.89,2072753.293
421,601888.SH,20210917,238.03,252.0,233.08,249.5,241.36,8.14,3.3726,119810.46,2922310.88
422,601888.SH,20210916,233.0,241.79,228.48,241.36,234.97,6.39,2.7195,128935.98,3051284.128
423,601888.SH,20210915,245.01,245.7,232.4,234.97,246.85,-11.88,-4.8126,119897.11,2850825.08
424,601888.SH,20210914,251.3,256.66,246.08,246.85,251.25,-4.4,-1.7512,100654.09,2526958.368
425,601888.SH,20210913,252.18,265.0,250.01,251.25,255.0,-3.75,-1.4706,146510.43,3767335.825
426,601888.SH,20210910,243.18,255.58,243.18,255.0,245.07,9.93,4.0519,129791.1,3280476.142
427,601888.SH,20210909,248.66,250.6,243.1,245.07,249.33,-4.26,-1.7086,73956.01,1818162.344
428,601888.SH,20210908,249.59,250.98,246.05,249.33,249.56,-0.23,-0.0922,97932.24,2433812.265
429,601888.SH,20210907,243.5,252.1,243.04,249.56,243.0,6.56,2.6996,145450.09,3616523.534
430,601888.SH,20210906,236.68,245.7,231.51,243.0,236.4,6.6,2.7919,177210.92,4269376.766
431,601888.SH,20210903,226.0,237.0,222.5,236.4,228.05,8.35,3.6615,135673.89,3160015.735
432,601888.SH,20210902,239.0,241.87,227.07,228.05,236.29,-8.24,-3.4872,146890.22,3423609.361
433,601888.SH,20210901,228.79,240.17,224.0,236.29,228.29,8.0,3.5043,154780.59,3626276.605
434,601888.SH,20210831,240.41,240.68,221.0,228.29,239.5,-11.21,-4.6806,207526.51,4721717.632
435,601888.SH,20210830,242.3,243.2,233.2,239.5,240.23,-0.73,-0.3039,109937.57,2610439.448
436,601888.SH,20210827,242.0,246.0,238.18,240.23,245.14,-4.91,-2.0029,82938.15,1997464.446
437,601888.SH,20210826,247.0,247.0,237.0,245.14,246.94,-1.8,-0.7289,93735.1,2258774.444
438,601888.SH,20210825,242.0,253.86,239.64,246.94,240.1,6.84,2.8488,139968.77,3465408.645
439,601888.SH,20210824,234.28,241.18,231.58,240.1,232.1,8.0,3.4468,108328.03,2583026.842
440,601888.SH,20210823,232.0,236.99,229.03,232.1,228.27,3.83,1.6778,114436.09,2675067.574
441,601888.SH,20210820,235.12,235.12,224.14,228.27,236.09,-7.82,-3.3123,156366.52,3576077.812
442,601888.SH,20210819,235.74,241.48,229.92,236.09,235.72,0.37,0.157,125658.88,2949792.411
443,601888.SH,20210818,246.57,247.26,232.99,235.72,244.98,-9.26,-3.7799,186680.73,4407020.289
444,601888.SH,20210817,263.33,267.96,243.72,244.98,262.84,-17.86,-6.795,174447.13,4384061.973
445,601888.SH,20210816,259.0,268.45,257.0,262.84,257.65,5.19,2.0144,135435.53,3590725.702
446,601888.SH,20210813,251.51,259.5,251.0,257.65,253.08,4.57,1.8058,78881.55,2021004.845
447,601888.SH,20210812,255.0,258.48,251.51,253.08,259.0,-5.92,-2.2857,86297.27,2189914.306
448,601888.SH,20210811,267.5,268.57,257.98,259.0,267.35,-8.35,-3.1232,101470.27,2653005.018
449,601888.SH,20210810,258.0,268.0,251.44,267.35,260.4,6.95,2.669,157151.1,4097919.75
450,601888.SH,20210809,252.02,268.79,252.02,260.4,252.0,8.4,3.3333,160846.98,4239459.42
451,601888.SH,20210806,251.0,255.4,247.67,252.0,255.0,-3.0,-1.1765,93939.11,2358028.39
452,601888.SH,20210805,255.8,264.0,250.02,255.0,255.0,0.0,0.0,126912.62,3272173.302
453,601888.SH,20210804,254.89,259.0,248.94,255.0,253.87,1.13,0.4451,140808.19,3561130.676
454,601888.SH,20210803,236.36,255.36,235.74,253.87,239.35,14.52,6.0664,201578.21,5025146.133
455,601888.SH,20210802,227.9,241.4,224.13,239.35,241.0,-1.65,-0.6846,266968.27,6204401.324
456,601888.SH,20210730,253.0,254.44,240.5,241.0,258.01,-17.01,-6.5928,186103.42,4555811.38
457,601888.SH,20210729,255.15,265.5,255.02,258.01,250.84,7.17,2.8584,141431.8,3679353.772
458,601888.SH,20210728,250.1,259.67,245.0,250.84,254.0,-3.16,-1.2441,137248.92,3443777.887
459,601888.SH,20210727,261.2,265.02,252.99,254.0,262.98,-8.98,-3.4147,133906.36,3461482.429
460,601888.SH,20210726,274.0,274.0,256.0,262.98,277.68,-14.7,-5.2939,193102.64,5086692.598
461,601888.SH,20210723,281.95,283.0,273.53,277.68,281.96,-4.28,-1.5179,105533.45,2917578.724
462,601888.SH,20210722,282.09,292.0,279.01,281.96,284.69,-2.73,-0.9589,100762.74,2856338.206
463,601888.SH,20210721,295.1,297.67,284.58,284.69,293.45,-8.76,-2.9852,131218.62,3782193.591
464,601888.SH,20210720,290.5,296.67,287.88,293.45,290.22,3.23,1.1129,141293.98,4136827.958
465,601888.SH,20210719,274.48,290.22,269.0,290.22,275.0,15.22,5.5345,147585.4,4156961.7
466,601888.SH,20210716,285.0,286.35,274.8,275.0,284.93,-9.93,-3.4851,114096.98,3158462.13
467,601888.SH,20210715,281.0,286.66,279.01,284.93,282.3,2.63,0.9316,72365.23,2053258.985
468,601888.SH,20210714,288.69,288.69,280.94,282.3,288.79,-6.49,-2.2473,108534.75,3081845.526
469,601888.SH,20210713,287.46,299.0,286.0,288.79,285.7,3.09,1.0816,150025.09,4390420.301
470,601888.SH,20210712,271.0,287.0,264.12,285.7,265.16,20.54,7.7463,203295.83,5691852.395
471,601888.SH,20210709,267.99,271.78,264.4,265.16,269.39,-4.23,-1.5702,107278.15,2859414.841
472,601888.SH,20210708,276.99,277.83,268.0,269.39,275.0,-5.61,-2.04,134725.23,3666642.312
473,601888.SH,20210707,275.87,279.93,272.01,275.0,281.5,-6.5,-2.3091,137091.81,3781120.212
474,601888.SH,20210706,283.96,289.07,275.0,281.5,279.89,1.61,0.5752,117450.92,3300594.715
475,601888.SH,20210705,277.5,284.98,275.5,279.89,281.09,-1.2,-0.4269,91359.9,2560788.528
476,601888.SH,20210702,293.3,293.3,279.0,281.09,300.0,-18.91,-6.3033,175888.31,4979170.854
477,601888.SH,20210701,299.0,300.09,292.6,300.0,300.1,-0.1,-0.0333,88671.75,2627435.713
478,601888.SH,20210630,298.18,303.98,296.08,300.1,301.75,-1.65,-0.5468,68043.53,2040071.043
479,601888.SH,20210629,307.93,309.0,299.01,301.75,307.83,-6.08,-1.9751,103453.89,3129803.929
480,601888.SH,20210628,301.0,309.96,301.0,307.83,296.7,11.13,3.7513,100420.96,3085281.132
481,601888.SH,20210625,293.9,299.5,290.18,296.7,294.18,2.52,0.8566,99718.96,2954988.454
482,601888.SH,20210624,301.5,302.45,288.51,294.18,296.9,-2.72,-0.9161,102966.68,3008152.024
483,601888.SH,20210623,289.0,300.27,288.98,296.9,286.49,10.41,3.6336,166550.36,4955347.839
484,601888.SH,20210622,283.0,288.0,274.3,286.49,280.98,5.51,1.961,120975.95,3423877.62
485,601888.SH,20210621,285.0,285.0,274.3,281.98,287.48,-5.5,-1.9132,146046.64,4073868.106
486,601888.SH,20210618,285.0,287.75,276.42,287.48,286.0,1.48,0.5175,129950.6,3671374.728
487,601888.SH,20210617,289.7,293.94,283.68,286.0,289.7,-3.7,-1.2772,120224.46,3449965.534
488,601888.SH,20210616,300.5,301.0,288.2,289.7,297.68,-7.98,-2.6807,105929.77,3110465.033
489,601888.SH,20210615,310.69,310.69,295.5,297.68,311.0,-13.32,-4.283,130587.15,3913995.665
490,601888.SH,20210611,314.55,317.0,305.38,311.0,313.46,-2.46,-0.7848,92804.11,2875240.466
491,601888.SH,20210610,311.02,317.37,310.7,313.46,312.8,0.66,0.211,76099.06,2396773.127
492,601888.SH,20210609,314.3,319.0,310.96,312.8,317.38,-4.58,-1.4431,71216.52,2232948.852
493,601888.SH,20210608,316.74,324.58,314.47,317.38,317.0,0.38,0.1199,79786.89,2542852.738
494,601888.SH,20210607,319.92,319.92,310.63,317.0,319.56,-2.56,-0.8011,77896.63,2447473.55
495,601888.SH,20210604,322.01,325.0,317.0,319.56,325.84,-6.28,-1.9273,98451.21,3148155.234
496,601888.SH,20210603,327.99,331.85,322.02,325.84,325.3,0.54,0.166,62519.16,2049074.942
497,601888.SH,20210602,336.0,337.4,324.0,325.3,334.12,-8.82,-2.6398,71990.74,2359810.455
498,601888.SH,20210601,331.99,337.31,328.65,334.12,334.5,-0.38,-0.1136,84086.58,2805332.626
499,601888.SH,20210531,342.99,343.99,329.6,334.5,344.29,-9.79,-2.8435,112209.41,3735633.093
500,601888.SH,20210528,342.0,349.28,339.0,344.29,344.54,-0.25,-0.0726,68299.05,2357981.402
501,601888.SH,20210527,339.98,348.3,337.0,344.54,339.99,4.55,1.3383,84332.42,2896663.233
502,601888.SH,20210526,342.0,348.7,334.9,339.99,339.28,0.71,0.2093,90243.51,3074087.078
503,601888.SH,20210525,322.82,339.52,320.01,339.28,320.29,18.99,5.929,129888.39,4331541.435
504,601888.SH,20210524,318.0,323.0,313.5,320.29,318.0,2.29,0.7201,55125.83,1756716.299
505,601888.SH,20210521,328.54,330.1,314.02,318.0,325.01,-7.01,-2.1569,71742.91,2294108.74
506,601888.SH,20210520,324.56,329.8,321.0,325.01,326.52,-1.51,-0.4625,75203.77,2446860.596
507,601888.SH,20210519,317.37,329.98,315.12,326.52,318.05,8.47,2.6631,73130.13,2383748.369
508,601888.SH,20210518,319.31,322.0,314.0,318.05,319.39,-1.34,-0.4195,55098.4,1744413.987
509,601888.SH,20210517,313.0,322.1,310.25,319.39,309.58,9.81,3.1688,124513.0,3972405.796
510,601888.SH,20210514,297.0,310.0,293.0,309.58,295.0,14.58,4.9424,132436.88,4032866.27
511,601888.SH,20210513,297.99,301.77,288.1,295.0,303.0,-8.0,-2.6403,98790.3,2900389.995
512,601888.SH,20210512,299.39,304.5,295.01,303.0,299.0,4.0,1.3378,61798.89,1857947.024
513,601888.SH,20210511,294.5,301.8,292.31,299.0,298.89,0.11,0.0368,62559.37,1858703.389
514,601888.SH,20210510,289.35,303.0,289.35,298.89,288.0,10.89,3.7813,87718.14,2618300.311
515,601888.SH,20210507,295.03,300.8,287.53,288.0,295.7,-7.7,-2.604,88713.86,2602939.209
516,601888.SH,20210506,319.0,319.0,295.7,295.7,311.99,-16.29,-5.2213,131523.81,3972604.983
517,601888.SH,20210430,308.08,317.88,305.0,311.99,310.32,1.67,0.5382,100350.89,3132227.992
518,601888.SH,20210429,307.22,316.1,305.0,310.32,310.0,0.32,0.1032,88524.75,2748613.798
519,601888.SH,20210428,306.67,311.49,295.0,310.0,306.98,3.02,0.9838,102716.19,3139965.249
520,601888.SH,20210427,301.55,307.85,299.02,306.98,298.44,8.54,2.8615,96834.43,2955423.133
521,601888.SH,20210426,301.0,309.89,297.3,298.44,299.29,-0.85,-0.284,112245.43,3422768.84
522,601888.SH,20210423,298.15,303.27,296.06,299.29,296.0,3.29,1.1115,106775.2,3204828.432
523,601888.SH,20210422,297.0,297.9,283.5,296.0,298.66,-2.66,-0.8906,137405.87,3986803.757
524,601888.SH,20210421,288.0,298.69,287.99,298.66,292.99,5.67,1.9352,78048.3,2307619.029
525,601888.SH,20210420,294.21,302.47,291.58,292.99,294.5,-1.51,-0.5127,106022.79,3142971.502
526,601888.SH,20210419,285.58,298.01,283.85,294.5,285.85,8.65,3.0261,110020.66,3234316.952
527,601888.SH,20210416,287.18,288.16,277.5,285.85,283.06,2.79,0.9857,93925.01,2662067.586
528,601888.SH,20210415,286.96,286.96,278.1,283.06,288.2,-5.14,-1.7835,101691.05,2864860.304
529,601888.SH,20210414,260.0,289.38,260.0,288.2,265.85,22.35,8.407,258066.1,7208830.725
530,601888.SH,20210413,292.82,302.88,265.85,265.85,295.39,-29.54,-10.0003,235380.76,6553860.063
531,601888.SH,20210412,296.01,304.59,289.0,295.39,301.6,-6.21,-2.059,146372.62,4304374.209
532,601888.SH,20210409,310.0,312.0,301.04,301.6,312.28,-10.68,-3.42,95395.39,2896177.559
533,601888.SH,20210408,307.5,315.0,305.53,312.28,311.9,0.38,0.1218,85729.67,2662657.714
534,601888.SH,20210407,315.91,316.95,307.0,311.9,317.2,-5.3,-1.6709,102518.6,3181247.677
535,601888.SH,20210406,334.98,334.98,312.67,317.2,333.5,-16.3,-4.8876,138866.91,4445332.911
536,601888.SH,20210402,321.0,337.82,320.0,333.5,321.95,11.55,3.5875,104551.59,3455129.967
537,601888.SH,20210401,308.7,321.95,306.3,321.95,306.08,15.87,5.1849,89282.75,2807005.785
538,601888.SH,20210331,316.25,317.72,301.53,306.08,317.88,-11.8,-3.7121,109446.26,3366921.055
539,601888.SH,20210330,313.0,325.38,311.11,317.88,315.85,2.03,0.6427,95228.77,3048259.092
540,601888.SH,20210329,312.97,322.88,306.68,315.85,313.43,2.42,0.7721,122946.15,3878409.089
541,601888.SH,20210326,300.87,314.14,299.33,313.43,299.0,14.43,4.8261,116455.34,3588654.788
542,601888.SH,20210325,288.1,299.3,284.06,299.0,295.04,3.96,1.3422,101739.26,2959680.627
543,601888.SH,20210324,297.0,303.0,292.6,295.04,300.02,-4.98,-1.6599,84906.33,2528291.225
544,601888.SH,20210323,315.0,315.1,291.01,300.02,311.65,-11.63,-3.7318,117642.77,3528611.968
545,601888.SH,20210322,306.0,318.0,301.88,311.65,306.56,5.09,1.6604,98851.22,3061244.918
546,601888.SH,20210319,305.0,322.6,303.32,306.56,312.7,-6.14,-1.9635,124535.59,3877645.766
547,601888.SH,20210318,313.0,320.25,308.8,312.7,308.07,4.63,1.5029,116849.27,3660964.98
548,601888.SH,20210317,292.95,309.79,287.11,308.07,296.57,11.5,3.8777,105216.73,3180866.761
549,601888.SH,20210316,299.0,301.88,285.62,296.57,297.8,-1.23,-0.413,105408.3,3094994.03
550,601888.SH,20210315,303.86,309.0,290.5,297.8,309.41,-11.61,-3.7523,125917.54,3756021.126
551,601888.SH,20210312,306.3,314.94,303.01,309.41,301.78,7.63,2.5283,140596.87,4347307.56
552,601888.SH,20210311,299.0,307.28,295.05,301.78,299.62,2.16,0.7209,121648.34,3675489.474
553,601888.SH,20210310,291.0,304.88,290.01,299.62,282.29,17.33,6.1391,169336.09,5057281.953
554,601888.SH,20210309,280.0,295.3,269.9,282.29,278.99,3.3,1.1828,211445.96,5967938.721
555,601888.SH,20210308,304.9,307.54,276.0,278.99,305.88,-26.89,-8.791,212973.72,6166108.097
556,601888.SH,20210305,299.8,312.47,295.0,305.88,309.63,-3.75,-1.2111,109017.58,3321489.084
557,601888.SH,20210304,317.94,317.94,300.87,309.63,324.5,-14.87,-4.5824,168136.34,5158625.436
558,601888.SH,20210303,314.8,328.71,312.0,324.5,316.1,8.4,2.6574,105627.23,3393191.026
559,601888.SH,20210302,333.0,334.3,308.85,316.1,324.56,-8.46,-2.6066,161736.76,5186296.79
560,601888.SH,20210301,314.96,326.8,314.8,324.56,307.91,16.65,5.4074,141863.12,4568370.025
561,601888.SH,20210226,306.0,314.65,301.0,307.91,319.1,-11.19,-3.5067,159713.08,4907611.708
562,601888.SH,20210225,322.0,326.88,313.53,319.1,314.63,4.47,1.4207,134180.28,4302677.014
563,601888.SH,20210224,335.99,339.6,311.3,314.63,332.78,-18.15,-5.4541,189563.82,6062374.902
564,601888.SH,20210223,329.88,343.9,327.8,332.78,339.0,-6.22,-1.8348,160342.1,5351670.901
565,601888.SH,20210222,378.98,379.0,338.76,339.0,371.9,-32.9,-8.8465,218115.17,7642625.077
566,601888.SH,20210219,379.0,387.56,355.11,371.9,379.9,-8.0,-2.1058,144168.8,5314429.469
567,601888.SH,20210218,395.66,403.78,372.0,379.9,387.86,-7.96,-2.0523,180949.53,7020478.713
568,601888.SH,20210210,358.0,387.86,356.06,387.86,359.73,28.13,7.8198,116169.04,4374248.841
569,601888.SH,20210209,361.28,363.18,349.04,359.73,357.99,1.74,0.486,97515.13,3477865.598
570,601888.SH,20210208,347.0,362.0,343.2,357.99,346.95,11.04,3.182,116739.65,4138020.636
571,601888.SH,20210205,335.08,353.8,333.0,346.95,328.94,18.01,5.4752,137600.66,4763194.483
572,601888.SH,20210204,335.48,341.4,321.35,328.94,340.98,-12.04,-3.531,134351.47,4447164.474
573,601888.SH,20210203,330.68,348.88,328.0,340.98,331.01,9.97,3.012,151614.44,5170358.0
574,601888.SH,20210202,308.4,333.3,301.11,331.01,306.0,25.01,8.1732,181853.74,5839697.786
575,601888.SH,20210201,307.9,315.87,298.0,306.0,294.0,12.0,4.0816,203642.09,6250768.198
576,601888.SH,20210129,292.9,300.88,290.01,294.0,287.0,7.0,2.439,134043.85,3954648.924
577,601888.SH,20210128,289.57,295.15,285.6,287.0,297.0,-10.0,-3.367,90007.55,2608105.507
578,601888.SH,20210127,299.1,299.1,283.03,297.0,297.98,-0.98,-0.3289,132331.97,3844437.373
579,601888.SH,20210126,301.55,305.79,293.92,297.98,308.0,-10.02,-3.2532,133391.69,3993548.612
580,601888.SH,20210125,288.01,311.0,288.01,308.0,283.0,25.0,8.8339,238161.36,7181651.412
581,601888.SH,20210122,272.03,285.0,270.1,283.0,272.0,11.0,4.0441,181720.16,5103052.34
582,601888.SH,20210121,271.49,275.98,263.0,272.0,272.94,-0.94,-0.3444,196954.82,5298221.443
583,601888.SH,20210120,270.27,274.99,263.0,272.94,268.15,4.79,1.7863,140385.71,3800141.223
584,601888.SH,20210119,277.11,281.93,268.0,268.15,274.2,-6.05,-2.2064,135251.47,3693985.646
585,601888.SH,20210118,278.22,279.0,268.0,274.2,280.01,-5.81,-2.0749,173566.24,4748017.549
586,601888.SH,20210115,279.49,286.7,272.5,280.01,280.55,-0.54,-0.1925,151424.61,4237712.893
587,601888.SH,20210114,293.56,294.34,276.68,280.55,299.99,-19.44,-6.4802,240305.7,6809999.499
588,601888.SH,20210113,318.0,319.0,292.6,299.99,319.1,-19.11,-5.9887,181165.75,5483084.018
589,601888.SH,20210112,295.95,321.86,295.59,319.1,298.4,20.7,6.937,124107.66,3857765.101
590,601888.SH,20210111,290.0,306.08,284.1,298.4,291.0,7.4,2.543,170500.41,5065001.16
591,601888.SH,20210108,311.0,311.4,287.0,291.0,311.0,-20.0,-6.4309,196177.12,5823692.598
592,601888.SH,20210107,293.35,311.0,290.0,311.0,288.0,23.0,7.9861,151153.16,4534780.266
593,601888.SH,20210106,290.0,293.83,284.02,288.0,293.02,-5.02,-1.7132,126380.99,3640459.354
594,601888.SH,20210105,290.0,299.69,289.0,293.02,292.25,0.77,0.2635,118713.65,3480973.443
595,601888.SH,20210104,282.0,300.62,281.75,292.25,282.45,9.8,3.4696,140347.48,4127327.801
596,601888.SH,20201231,270.02,285.8,267.52,282.45,263.12,19.33,7.3465,147881.81,4111681.198
597,601888.SH,20201230,253.1,266.05,253.1,263.12,255.15,7.97,3.1237,112464.24,2941588.678
598,601888.SH,20201229,256.0,259.0,248.2,255.15,257.6,-2.45,-0.9511,98367.43,2498594.693
599,601888.SH,20201228,263.88,264.9,253.91,257.6,259.0,-1.4,-0.5405,102642.0,2644445.262
600,601888.SH,20201225,250.0,261.87,246.0,259.0,252.2,6.8,2.6963,92793.88,2375891.757
601,601888.SH,20201224,253.0,262.49,249.57,252.2,246.88,5.32,2.1549,126032.14,3222722.179
602,601888.SH,20201223,237.0,255.32,237.0,246.88,236.95,9.93,4.1908,170868.27,4243747.876
603,601888.SH,20201222,229.13,245.17,226.5,236.95,229.13,7.82,3.4129,161250.32,3806786.873
604,601888.SH,20201221,218.0,229.9,217.0,229.13,217.25,11.88,5.4684,121201.62,2735604.994
605,601888.SH,20201218,222.78,224.78,216.85,217.25,225.49,-8.24,-3.6543,114644.56,2510594.483
606,601888.SH,20201217,220.5,225.88,219.0,225.49,220.36,5.13,2.328,99744.41,2225424.381
607,601888.SH,20201216,220.5,223.3,217.2,220.36,218.38,1.98,0.9067,77984.2,1719934.554
608,601888.SH,20201215,214.06,219.7,212.55,218.38,213.6,4.78,2.2378,122133.98,2655271.358
609,601888.SH,20201214,205.81,216.0,203.01,213.6,206.0,7.6,3.6893,153766.28,3266180.639
610,601888.SH,20201211,210.88,210.88,202.67,206.0,207.8,-1.8,-0.8662,95330.17,1970732.703
611,601888.SH,20201210,204.24,209.37,201.12,207.8,202.33,5.47,2.7035,91149.46,1887302.313
612,601888.SH,20201209,207.83,209.35,202.22,202.33,208.03,-5.7,-2.74,73432.58,1508165.187
613,601888.SH,20201208,209.63,210.3,204.1,208.03,207.75,0.28,0.1348,84924.11,1761170.64
614,601888.SH,20201207,197.0,208.98,195.5,207.75,196.43,11.32,5.7629,178176.11,3645248.607
615,601888.SH,20201204,194.0,197.6,192.3,196.43,194.93,1.5,0.7695,73113.64,1429941.155
616,601888.SH,20201203,194.08,197.28,194.01,194.93,195.52,-0.59,-0.3018,57555.64,1126580.618
617,601888.SH,20201202,197.42,199.5,194.03,195.52,196.0,-0.48,-0.2449,60430.92,1187615.985
618,601888.SH,20201201,194.0,198.38,193.2,196.0,193.2,2.8,1.4493,87067.46,1711937.213
619,601888.SH,20201130,190.51,197.26,190.51,193.2,193.2,0.0,0.0,99384.51,1934284.196
620,601888.SH,20201127,190.33,193.88,188.2,193.2,191.25,1.95,1.0196,60681.29,1162208.528
621,601888.SH,20201126,188.51,197.8,188.51,191.25,189.0,2.25,1.1905,95083.33,1829455.143
622,601888.SH,20201125,194.93,195.45,189.0,189.0,193.39,-4.39,-2.27,79478.01,1525829.253
623,601888.SH,20201124,188.94,196.48,185.39,193.39,187.89,5.5,2.9272,136134.36,2619219.138
624,601888.SH,20201123,185.0,190.18,181.5,187.89,185.0,2.89,1.5622,124082.74,2317678.416
625,601888.SH,20201120,185.31,187.78,182.26,185.0,183.31,1.69,0.9219,89638.83,1665324.574
626,601888.SH,20201119,175.72,184.58,174.0,183.31,175.25,8.06,4.5991,159122.26,2890863.457
627,601888.SH,20201118,181.61,184.1,172.77,175.25,181.0,-5.75,-3.1768,180681.53,3192302.518
628,601888.SH,20201117,186.46,186.96,179.79,181.0,186.45,-5.45,-2.923,133218.5,2437431.884
629,601888.SH,20201116,189.0,189.9,184.1,186.45,192.5,-6.05,-3.1429,164874.77,3067825.647
630,601888.SH,20201113,195.2,195.2,186.88,192.5,196.15,-3.65,-1.8608,126216.26,2412886.369
631,601888.SH,20201112,185.5,196.8,183.54,196.15,184.6,11.55,6.2568,215348.49,4117884.796
632,601888.SH,20201111,188.0,189.79,183.75,184.6,185.27,-0.67,-0.3616,133428.6,2490642.532
633,601888.SH,20201110,189.53,193.52,183.5,185.27,199.5,-14.23,-7.1328,306633.79,5705313.086
634,601888.SH,20201109,197.2,199.6,193.64,199.5,196.32,3.18,1.6198,106987.14,2111615.999
635,601888.SH,20201106,200.0,201.5,192.83,196.32,200.1,-3.78,-1.8891,119429.86,2338144.778
636,601888.SH,20201105,205.0,206.83,198.51,200.1,202.43,-2.33,-1.151,125422.1,2521465.398
637,601888.SH,20201104,197.42,203.8,197.42,202.43,197.76,4.67,2.3614,104411.75,2096993.69
638,601888.SH,20201103,196.34,199.77,193.03,197.76,194.4,3.36,1.7284,107505.44,2122463.286
639,601888.SH,20201102,198.22,204.18,192.22,194.4,199.4,-5.0,-2.5075,149614.67,2928894.558
640,601888.SH,20201030,203.03,205.0,198.61,199.4,200.43,-1.03,-0.5139,103128.99,2087217.528
641,601888.SH,20201029,196.0,203.5,194.6,200.43,198.41,2.02,1.0181,126288.02,2528883.551
642,601888.SH,20201028,190.0,201.0,188.11,198.41,184.81,13.6,7.3589,180517.26,3524103.657
643,601888.SH,20201027,182.61,186.37,179.6,184.81,185.68,-0.87,-0.4685,118149.12,2167257.935
644,601888.SH,20201026,192.65,192.65,181.88,185.68,193.06,-7.38,-3.8226,107553.71,1994843.53
645,601888.SH,20201023,196.88,199.23,193.0,193.06,195.99,-2.93,-1.495,67457.82,1319756.863
646,601888.SH,20201022,194.0,196.78,186.8,195.99,195.6,0.39,0.1994,126108.37,2430034.013
647,601888.SH,20201021,205.0,205.0,194.02,195.6,200.02,-4.42,-2.2098,132667.31,2609191.352
648,601888.SH,20201020,200.1,203.05,198.47,200.02,200.1,-0.08,-0.04,71136.7,1431084.744
649,601888.SH,20201019,201.01,205.01,198.8,200.1,203.43,-3.33,-1.6369,99527.92,1997467.038
650,601888.SH,20201016,203.11,205.44,201.64,203.43,202.83,0.6,0.2958,69305.94,1411966.323
651,601888.SH,20201015,207.0,209.48,202.0,202.83,209.2,-6.37,-3.0449,140873.53,2867273.59
652,601888.SH,20201014,211.92,214.0,206.5,209.2,214.1,-4.9,-2.2887,137897.31,2887420.087
653,601888.SH,20201013,219.0,219.5,208.8,214.1,212.0,2.1,0.9906,140028.87,2982560.475
654,601888.SH,20201012,204.16,212.9,201.0,212.0,204.1,7.9,3.8707,177850.47,3695843.758
655,601888.SH,20201009,223.0,223.0,200.65,204.1,222.94,-18.84,-8.4507,325847.69,6645559.394
656,601888.SH,20200930,227.0,228.9,221.33,222.94,224.3,-1.36,-0.6063,88134.47,1980609.207
657,601888.SH,20200929,224.0,226.94,220.0,224.3,224.9,-0.6,-0.2668,93855.51,2098176.738
658,601888.SH,20200928,221.0,230.54,218.48,224.9,219.2,5.7,2.6004,157859.56,3573426.764
659,601888.SH,20200925,215.99,222.8,215.23,219.2,213.1,6.1,2.8625,110135.97,2412014.302
660,601888.SH,20200924,218.21,218.98,210.66,213.1,217.5,-4.4,-2.023,82875.92,1774859.971
661,601888.SH,20200923,207.05,219.33,205.28,217.5,206.71,10.79,5.2199,115840.58,2477849.594
662,601888.SH,20200922,210.0,211.18,203.58,206.71,209.01,-2.3,-1.1004,97385.32,2026799.383
663,601888.SH,20200921,217.0,219.9,208.0,209.01,216.0,-6.99,-3.2361,118043.92,2519154.289
664,601888.SH,20200918,212.0,216.0,209.9,216.0,212.13,3.87,1.8244,101196.71,2158433.828
665,601888.SH,20200917,219.8,219.8,208.58,212.13,217.26,-5.13,-2.3612,94407.49,2005546.456
666,601888.SH,20200916,223.22,224.36,214.51,217.26,222.58,-5.32,-2.3902,99619.56,2172382.776
667,601888.SH,20200915,214.31,224.78,212.13,222.58,214.3,8.28,3.8637,116346.49,2554501.136
668,601888.SH,20200914,208.0,217.5,207.54,214.3,207.21,7.09,3.4216,120299.55,2563845.317
669,601888.SH,20200911,204.0,208.8,203.0,207.21,205.6,1.61,0.7831,92989.56,1917802.031
670,601888.SH,20200910,200.99,208.0,200.45,205.6,197.18,8.42,4.2702,138661.47,2846403.296
671,601888.SH,20200909,200.3,203.1,195.8,197.18,204.2,-7.02,-3.4378,117433.45,2335200.579
672,601888.SH,20200908,211.28,212.75,201.0,204.2,209.28,-5.08,-2.4274,121581.33,2491327.274
673,601888.SH,20200907,217.0,221.5,207.02,209.28,219.8,-10.52,-4.7862,157603.0,3356102.991
674,601888.SH,20200904,219.0,221.1,210.0,219.8,224.3,-4.5,-2.0062,122713.77,2661042.505
675,601888.SH,20200903,221.5,229.6,221.5,224.3,223.0,1.3,0.583,114930.62,2597512.347
676,601888.SH,20200902,221.74,226.97,218.88,223.0,216.8,6.2,2.8598,150429.61,3367046.128
677,601888.SH,20200901,207.0,218.83,206.1,216.8,208.0,8.8,4.2308,143951.27,3098797.022
678,601888.SH,20200831,221.0,221.0,208.0,208.0,220.3,-12.3,-5.5833,210476.06,4458311.565
679,601888.SH,20200828,204.39,223.0,204.01,220.3,203.99,16.31,7.9955,192954.29,4165551.812
680,601888.SH,20200827,201.5,206.62,200.02,203.99,203.53,0.46,0.226,72924.97,1484456.568
681,601888.SH,20200826,208.2,212.8,202.2,203.53,210.31,-6.78,-3.2238,102372.88,2111143.794
682,601888.SH,20200825,207.79,216.8,203.59,210.31,203.52,6.79,3.3363,173897.85,3678078.746
683,601888.SH,20200824,201.0,205.58,196.8,203.52,199.38,4.14,2.0764,120361.4,2432392.31
684,601888.SH,20200821,196.0,206.6,194.66,199.38,194.0,5.38,2.7732,152848.54,3065809.531
685,601888.SH,20200820,191.0,204.96,191.0,194.0,200.0,-6.0,-3.0,211703.31,4131679.656
686,601888.SH,20200819,211.0,211.0,198.5,200.0,210.95,-10.95,-5.1908,161804.19,3265582.862
687,601888.SH,20200818,208.82,215.5,207.2,210.95,207.2,3.75,1.8098,134381.49,2833127.0
688,601888.SH,20200817,207.7,211.9,204.06,207.2,207.25,-0.05,-0.0241,124958.39,2589702.956
689,601888.SH,20200814,202.0,208.96,201.14,207.25,204.49,2.76,1.3497,113504.82,2334799.567
690,601888.SH,20200813,207.0,210.6,200.01,204.49,206.65,-2.16,-1.0452,139724.72,2851195.762
691,601888.SH,20200812,214.5,217.97,203.6,206.65,214.28,-7.63,-3.5608,203701.27,4217509.177
692,601888.SH,20200811,211.95,223.44,211.95,214.28,213.7,0.58,0.2714,139653.47,3051845.05
693,601888.SH,20200810,214.1,219.59,209.7,213.7,220.88,-7.18,-3.2506,161619.24,3455937.533
694,601888.SH,20200807,220.0,228.85,215.0,220.88,218.26,2.62,1.2004,178329.3,3967825.867
695,601888.SH,20200806,224.0,224.85,214.11,218.26,223.85,-5.59,-2.4972,183251.24,3998244.435
696,601888.SH,20200805,220.0,228.0,218.2,223.85,223.55,0.3,0.1342,138350.0,3091291.054
697,601888.SH,20200804,234.0,234.0,220.12,223.55,238.5,-14.95,-6.2683,250659.97,5649908.852
698,601888.SH,20200803,246.99,249.0,226.0,238.5,243.0,-4.5,-1.8519,262552.21,6159119.065
699,601888.SH,20200731,224.0,244.36,224.0,243.0,223.3,19.7,8.8222,235983.43,5551811.703
700,601888.SH,20200730,214.94,232.75,212.0,223.3,214.0,9.3,4.3458,227962.3,5099010.063
701,601888.SH,20200729,203.2,218.68,203.0,214.0,206.7,7.3,3.5317,190261.36,4064244.654
702,601888.SH,20200728,202.0,212.88,195.0,206.7,199.69,7.01,3.5104,229097.25,4660667.704
703,601888.SH,20200727,200.0,209.99,195.95,199.69,204.54,-4.85,-2.3712,246236.19,4975795.436
704,601888.SH,20200724,226.0,228.5,204.54,204.54,227.27,-22.73,-10.0013,413670.2,8694186.564
705,601888.SH,20200723,204.0,227.27,201.16,227.27,206.61,20.66,9.9995,341293.51,7430557.789
706,601888.SH,20200722,199.97,216.43,196.01,206.61,196.75,9.86,5.0114,328083.22,6834022.921
707,601888.SH,20200721,194.0,200.3,190.0,196.75,196.0,0.75,0.3827,174129.46,3410968.509
708,601888.SH,20200720,191.99,204.39,189.41,196.0,188.1,7.9,4.1999,281397.23,5521597.269
709,601888.SH,20200717,180.0,188.1,180.0,188.1,171.0,17.1,10.0,290002.03,5405770.232
710,601888.SH,20200716,190.01,191.8,171.0,171.0,189.81,-18.81,-9.9099,313731.97,5666417.039
711,601888.SH,20200715,190.1,195.68,186.51,190.53,190.0,0.53,0.2789,265084.7,5066537.046
712,601888.SH,20200714,188.84,196.97,188.81,190.0,194.67,-4.67,-2.3989,229319.36,4382942.07
713,601888.SH,20200713,206.0,208.0,187.0,194.67,203.49,-8.82,-4.3344,320541.75,6225333.122
714,601888.SH,20200710,191.4,212.94,187.52,203.49,193.79,9.7,5.0054,316847.65,6356391.281
715,601888.SH,20200709,191.0,196.86,187.0,193.79,195.86,-2.07,-1.0569,271546.0,5219135.837
716,601888.SH,20200708,185.0,199.4,182.08,195.86,192.4,3.46,1.7983,414107.75,7796627.396
717,601888.SH,20200707,214.0,218.88,187.02,192.4,201.03,-8.63,-4.2929,460523.31,9194448.462
718,601888.SH,20200706,188.23,201.03,182.0,201.03,182.75,18.28,10.0027,182999.97,3567655.257
719,601888.SH,20200703,166.0,182.75,165.5,182.75,166.14,16.61,9.9976,233983.63,4101604.994
720,601888.SH,20200702,166.0,173.19,162.0,166.14,167.28,-1.14,-0.6815,239325.6,3992653.456
721,601888.SH,20200701,158.15,168.18,154.9,167.28,154.03,13.25,8.6022,290700.88,4701863.807
722,601888.SH,20200630,146.5,154.03,145.1,154.03,140.03,14.0,9.9979,292303.29,4476877.604
723,601888.SH,20200629,126.93,140.03,125.21,140.03,127.3,12.73,10.0,168838.54,2238653.071
724,601888.SH,20200624,127.55,129.77,125.5,127.3,126.5,0.8,0.6324,108089.03,1380284.801
725,601888.SH,20200623,126.2,129.5,123.72,126.5,126.25,0.25,0.198,117053.71,1482398.96
726,601888.SH,20200622,130.02,130.31,124.6,126.25,130.81,-4.56,-3.486,129405.88,1636893.965
727,601888.SH,20200619,127.44,131.4,125.5,130.81,129.08,1.73,1.3403,128414.12,1645113.679
728,601888.SH,20200618,124.0,129.48,122.6,129.08,124.88,4.2,3.3632,111603.44,1411013.297
729,601888.SH,20200617,125.49,126.1,122.8,124.88,126.5,-1.62,-1.2806,98758.18,1226534.103
730,601888.SH,20200616,121.9,126.57,118.9,126.5,120.0,6.5,5.4167,127969.15,1582013.093
731,601888.SH,20200615,120.01,128.5,118.75,120.0,119.85,0.15,0.1252,241210.46,2962942.324
732,601888.SH,20200612,107.8,119.85,107.46,119.85,108.95,10.9,10.0046,200099.63,2304092.73
733,601888.SH,20200611,105.0,111.06,103.99,108.95,106.34,2.61,2.4544,156897.26,1706290.262
734,601888.SH,20200610,106.0,108.0,102.68,106.34,110.0,-3.66,-3.3273,238110.75,2516114.958
735,601888.SH,20200609,106.0,112.0,105.0,110.0,106.18,3.82,3.5977,99913.81,1093130.393
736,601888.SH,20200608,105.1,108.2,104.25,106.18,106.41,-0.23,-0.2161,92119.03,975094.498
737,601888.SH,20200605,99.86,108.08,99.86,106.41,99.92,6.49,6.4952,174327.35,1827206.274
738,601888.SH,20200604,101.0,101.75,99.9,99.92,102.18,-2.26,-2.2118,79008.3,792503.153
739,601888.SH,20200603,102.0,102.66,98.08,102.18,99.87,2.31,2.313,130163.35,1315602.868
740,601888.SH,20200602,103.9,105.37,99.44,99.87,102.18,-2.31,-2.2607,260914.05,2660591.939
741,601888.SH,20200601,101.5,104.54,99.22,102.18,101.23,0.95,0.9385,159125.91,1613941.833
742,601888.SH,20200529,94.56,101.23,93.75,101.23,95.0,6.23,6.5579,187179.28,1857281.707
743,601888.SH,20200528,97.2,97.49,94.09,95.0,96.6,-1.6,-1.6563,121149.01,1155449.37
744,601888.SH,20200527,95.28,96.64,93.69,96.6,96.02,0.58,0.604,125820.8,1198803.432
745,601888.SH,20200526,89.88,96.87,89.82,96.02,88.79,7.23,8.1428,183132.32,1723349.78
746,601888.SH,20200525,86.78,89.94,85.9,88.79,86.17,2.62,3.0405,110380.86,976285.697
747,601888.SH,20200522,88.01,88.9,85.54,86.17,87.78,-1.61,-1.8341,125278.35,1084653.525
748,601888.SH,20200521,88.5,88.82,87.05,87.78,87.66,0.12,0.1369,80925.57,711711.769
749,601888.SH,20200520,89.38,90.65,87.36,87.66,89.4,-1.74,-1.9463,87942.97,779961.444
750,601888.SH,20200519,88.7,91.41,88.2,89.4,87.5,1.9,2.1714,128089.11,1156034.294
751,601888.SH,20200518,87.89,88.7,87.48,87.5,87.57,-0.07,-0.0799,73918.89,649928.963
752,601888.SH,20200515,89.29,89.74,87.36,87.57,88.85,-1.28,-1.4406,90572.61,797709.805
753,601888.SH,20200514,89.12,89.8,88.5,88.85,89.99,-1.14,-1.2668,62146.24,553480.374
754,601888.SH,20200513,90.5,91.18,89.5,89.99,90.44,-0.45,-0.4976,68164.18,614451.856
755,601888.SH,20200512,89.84,91.8,89.69,90.44,88.9,1.54,1.7323,129352.56,1172005.457
756,601888.SH,20200511,92.88,93.49,88.66,88.9,92.68,-3.78,-4.0785,143756.5,1295563.619
757,601888.SH,20200508,93.0,93.6,91.22,92.68,91.2,1.48,1.6228,78599.52,728679.39
758,601888.SH,20200507,90.44,91.44,89.11,91.2,90.25,0.95,1.0526,73743.45,668242.828
759,601888.SH,20200506,89.5,91.44,89.3,90.25,91.3,-1.05,-1.1501,159248.14,1440042.525
760,601888.SH,20200430,90.6,93.79,89.0,91.3,90.3,1.0,1.1074,98585.47,902860.671
761,601888.SH,20200429,89.34,91.8,89.34,90.3,89.62,0.68,0.7588,101542.68,924140.295
762,601888.SH,20200428,85.91,90.6,85.58,89.62,86.4,3.22,3.7269,144490.76,1277349.346
763,601888.SH,20200427,87.86,88.36,85.54,86.4,87.69,-1.29,-1.4711,91161.49,790048.328
764,601888.SH,20200424,86.39,88.75,86.39,87.69,86.56,1.13,1.3055,98170.38,862546.465
765,601888.SH,20200423,88.5,89.0,85.8,86.56,85.92,0.64,0.7449,157355.88,1371769.753
766,601888.SH,20200422,83.28,86.35,82.55,85.92,82.22,3.7,4.5001,211734.22,1795291.305
767,601888.SH,20200421,82.99,83.28,80.85,82.22,82.8,-0.58,-0.7005,94106.07,770930.083
768,601888.SH,20200420,82.18,83.69,80.37,82.8,81.3,1.5,1.845,142135.88,1171848.697
769,601888.SH,20200417,79.0,82.57,79.0,81.3,77.0,4.3,5.5844,193456.51,1573014.757
770,601888.SH,20200416,75.85,77.3,75.56,77.0,76.6,0.4,0.5222,71206.35,544862.09
771,601888.SH,20200415,79.35,79.35,75.6,76.6,79.39,-2.79,-3.5143,121154.89,929312.642
772,601888.SH,20200414,79.0,79.54,77.72,79.39,78.43,0.96,1.224,131620.33,1036029.763
773,601888.SH,20200413,76.5,78.95,76.41,78.43,77.32,1.11,1.4356,75413.31,588396.71
774,601888.SH,20200410,77.2,79.84,76.57,77.32,77.5,-0.18,-0.2323,76182.16,595023.162
775,601888.SH,20200409,76.07,77.68,75.35,77.5,75.62,1.88,2.4861,75961.78,583268.884
776,601888.SH,20200408,74.65,77.44,74.64,75.62,75.55,0.07,0.0927,115076.0,876968.082
777,601888.SH,20200407,75.3,75.98,74.62,75.55,72.63,2.92,4.0204,183500.62,1383363.745
778,601888.SH,20200403,71.95,74.41,71.83,72.63,71.83,0.8,1.1137,121979.73,893666.825
779,601888.SH,20200402,68.5,72.0,68.11,71.83,68.53,3.3,4.8154,124682.4,878208.506
780,601888.SH,20200401,67.25,70.24,67.02,68.53,67.2,1.33,1.9792,135307.52,934069.206
781,601888.SH,20200331,68.57,68.57,67.17,67.2,67.95,-0.75,-1.1038,111436.46,754359.525
782,601888.SH,20200330,71.0,71.27,66.5,67.95,72.42,-4.47,-6.1723,240119.53,1629242.859
783,601888.SH,20200327,73.62,73.7,72.05,72.42,72.9,-0.48,-0.6584,100273.34,729344.032
784,601888.SH,20200326,73.12,74.14,72.38,72.9,74.8,-1.9,-2.5401,135378.41,990551.82
785,601888.SH,20200325,75.8,76.28,72.2,74.8,73.27,1.53,2.0882,260636.94,1935453.584
786,601888.SH,20200324,73.5,75.85,72.13,73.27,72.15,1.12,1.5523,131746.59,968756.447
787,601888.SH,20200323,73.15,74.6,71.5,72.15,75.6,-3.45,-4.5635,120420.46,872219.103
788,601888.SH,20200320,73.28,76.5,72.8,75.6,71.92,3.68,5.1168,161599.31,1208841.409
789,601888.SH,20200319,73.86,75.99,70.06,71.92,75.38,-3.46,-4.5901,157135.22,1133991.371
790,601888.SH,20200318,77.7,78.29,74.12,75.38,77.22,-1.84,-2.3828,126316.84,966255.361
791,601888.SH,20200317,77.75,79.9,74.8,77.22,77.8,-0.58,-0.7455,119812.62,924176.839
792,601888.SH,20200316,82.5,82.59,77.8,77.8,83.59,-5.79,-6.9267,203655.45,1629645.705
793,601888.SH,20200313,75.0,84.5,75.0,83.59,79.08,4.51,5.7031,287940.93,2321040.948
794,601888.SH,20200312,80.98,81.58,78.88,79.08,82.66,-3.58,-4.331,140498.71,1121514.481
795,601888.SH,20200311,81.12,84.8,80.12,82.66,81.48,1.18,1.4482,183674.95,1518985.579
796,601888.SH,20200310,79.0,82.88,78.62,81.48,79.13,2.35,2.9698,115434.59,934642.044
797,601888.SH,20200309,81.6,81.6,78.34,79.13,83.27,-4.14,-4.9718,188819.2,1497980.88
798,601888.SH,20200306,83.1,84.6,82.7,83.27,84.11,-0.84,-0.9987,122065.34,1019853.489
799,601888.SH,20200305,79.9,84.83,79.9,84.11,79.06,5.05,6.3876,258300.99,2137294.451
800,601888.SH,20200304,79.17,79.8,77.67,79.06,79.17,-0.11,-0.1389,113274.6,891765.606
801,601888.SH,20200303,79.5,79.98,78.39,79.17,78.39,0.78,0.995,142904.92,1130769.28
802,601888.SH,20200302,78.05,79.27,76.88,78.39,78.5,-0.11,-0.1401,141896.68,1113261.959
803,601888.SH,20200228,76.43,80.0,76.43,78.5,80.45,-1.95,-2.4239,174421.71,1359287.664
804,601888.SH,20200227,80.58,82.01,80.0,80.45,80.2,0.25,0.3117,166170.75,1345307.27
805,601888.SH,20200226,80.88,81.28,79.83,80.2,81.84,-1.64,-2.0039,147424.32,1186768.031
806,601888.SH,20200225,81.96,81.98,80.77,81.84,82.97,-1.13,-1.3619,127635.4,1040408.374
807,601888.SH,20200224,83.6,85.07,82.73,82.97,85.07,-2.1,-2.4686,170001.08,1422738.802
808,601888.SH,20200221,85.72,86.2,84.49,85.07,85.8,-0.73,-0.8508,115521.29,984310.579
809,601888.SH,20200220,84.84,86.83,84.6,85.8,83.31,2.49,2.9888,226742.22,1937098.355
810,601888.SH,20200219,79.75,83.42,79.41,83.31,80.2,3.11,3.8778,182784.21,1497985.444
811,601888.SH,20200218,81.3,81.6,79.6,80.2,81.25,-1.05,-1.2923,131840.02,1059153.938
812,601888.SH,20200217,80.94,81.81,80.77,81.25,80.94,0.31,0.383,143153.89,1163417.812
813,601888.SH,20200214,78.62,81.43,78.62,80.94,79.16,1.78,2.2486,131659.46,1060223.342
814,601888.SH,20200213,80.48,80.48,78.7,79.16,80.4,-1.24,-1.5423,127488.41,1009948.94
815,601888.SH,20200212,80.0,80.72,79.5,80.4,80.05,0.35,0.4372,91286.8,732737.062
816,601888.SH,20200211,79.52,80.4,78.97,80.05,79.0,1.05,1.3291,137075.66,1092564.614
817,601888.SH,20200210,79.5,80.28,78.51,79.0,80.2,-1.2,-1.4963,134697.02,1067957.914
818,601888.SH,20200207,80.27,80.6,78.28,80.2,80.8,-0.6,-0.7426,173476.72,1375231.977
819,601888.SH,20200206,78.9,80.8,78.22,80.8,77.78,3.02,3.8827,202305.7,1600933.91
820,601888.SH,20200205,77.7,78.47,76.14,77.78,75.08,2.7,3.5962,259335.51,2003658.818
821,601888.SH,20200204,73.8,76.8,73.5,75.08,73.8,1.28,1.7344,308469.61,2303948.958
822,601888.SH,20200203,73.8,73.8,73.8,73.8,82.0,-8.2,-10.0,202001.0,1490767.38
823,601888.SH,20200123,83.0,83.53,80.4,82.0,84.58,-2.58,-3.0504,248091.6,2029471.153
824,601888.SH,20200122,83.0,85.36,82.61,84.58,83.75,0.83,0.991,123340.11,1037811.862
825,601888.SH,20200121,85.68,85.68,83.0,83.75,86.9,-3.15,-3.6249,232072.06,1956222.664
826,601888.SH,20200120,90.15,90.3,85.15,86.9,89.85,-2.95,-3.2832,209408.7,1818156.994
827,601888.SH,20200117,90.84,91.3,89.31,89.85,90.39,-0.54,-0.5974,67499.53,607820.896
828,601888.SH,20200116,89.81,90.83,88.92,90.39,89.36,1.03,1.1526,69959.22,631389.477
829,601888.SH,20200115,88.84,89.59,88.41,89.36,88.84,0.52,0.5853,64136.98,571498.45
830,601888.SH,20200114,91.8,91.95,88.31,88.84,91.0,-2.16,-2.3736,144294.2,1290106.631
831,601888.SH,20200113,91.0,92.73,90.1,91.0,94.34,-3.34,-3.5404,205279.94,1869588.777
832,601888.SH,20200110,95.18,95.18,94.05,94.34,94.0,0.34,0.3617,56159.92,530632.62
833,601888.SH,20200109,91.99,94.72,91.88,94.0,91.3,2.7,2.9573,88167.56,828397.786
834,601888.SH,20200108,90.05,91.88,89.68,91.3,90.91,0.39,0.429,70121.07,638936.099
835,601888.SH,20200107,90.74,91.88,90.72,90.91,90.0,0.91,1.0111,55208.5,503235.896
836,601888.SH,20200106,90.22,91.91,89.5,90.0,90.98,-0.98,-1.0772,68575.35,622208.272
837,601888.SH,20200103,91.0,91.22,89.99,90.98,90.05,0.93,1.0328,70270.68,638071.7
838,601888.SH,20200102,89.01,90.68,89.0,90.05,88.95,1.1,1.2366,73491.0,661588.548
839,601888.SH,20191231,88.5,89.09,87.83,88.95,89.0,-0.05,-0.0562,57997.95,513171.14
840,601888.SH,20191230,88.0,89.11,87.6,89.0,88.12,0.88,0.9986,79054.9,698639.588
841,601888.SH,20191227,88.57,89.77,88.0,88.12,88.16,-0.04,-0.0454,60131.13,534452.286
842,601888.SH,20191226,87.4,88.55,87.32,88.16,87.12,1.04,1.1938,48443.29,427207.278
843,601888.SH,20191225,87.1,87.55,86.2,87.12,87.21,-0.09,-0.1032,38074.58,330535.713
844,601888.SH,20191224,86.84,87.93,85.29,87.21,86.83,0.38,0.4376,43409.7,376269.145
845,601888.SH,20191223,88.0,89.54,86.68,86.83,87.69,-0.86,-0.9807,93601.93,824079.23
846,601888.SH,20191220,85.99,88.45,85.39,87.69,85.47,2.22,2.5974,119808.44,1046879.766
847,601888.SH,20191219,85.2,86.0,85.08,85.47,85.11,0.36,0.423,71444.51,611801.768
848,601888.SH,20191218,85.59,85.8,85.0,85.11,85.61,-0.5,-0.584,72076.68,614551.108
849,601888.SH,20191217,85.58,86.34,84.75,85.61,86.12,-0.51,-0.5922,168692.45,1439212.597
850,601888.SH,20191216,90.51,91.12,85.0,86.12,90.12,-4.0,-4.4385,301853.74,2602225.648
851,601888.SH,20191213,90.0,91.3,89.36,90.12,88.8,1.32,1.4865,97483.24,881791.39
852,601888.SH,20191212,88.88,88.99,88.1,88.8,88.6,0.2,0.2257,41286.52,366099.199
853,601888.SH,20191211,88.78,89.1,87.38,88.6,88.47,0.13,0.1469,58301.18,514367.758
854,601888.SH,20191210,85.51,88.66,85.37,88.47,85.3,3.17,3.7163,120209.89,1057749.583
855,601888.SH,20191209,87.57,87.96,85.1,85.3,87.2,-1.9,-2.1789,61816.8,530328.296
856,601888.SH,20191206,86.88,87.71,86.08,87.2,86.28,0.92,1.0663,57135.46,496816.662
857,601888.SH,20191205,85.27,86.65,85.0,86.28,84.82,1.46,1.7213,68154.37,588291.038
858,601888.SH,20191204,83.58,85.11,82.82,84.82,83.88,0.94,1.1206,79992.63,674094.287
859,601888.SH,20191203,83.5,84.18,82.2,83.88,83.48,0.4,0.4792,71912.77,600073.179
860,601888.SH,20191202,83.8,84.12,82.99,83.48,83.8,-0.32,-0.3819,60457.89,503541.853
861,601888.SH,20191129,83.05,83.95,82.08,83.8,83.1,0.7,0.8424,69616.83,578314.505
862,601888.SH,20191128,83.84,84.19,82.9,83.1,84.07,-0.97,-1.1538,50992.45,424948.816
863,601888.SH,20191127,85.36,86.9,83.2,84.07,84.38,-0.31,-0.3674,85226.23,720538.629
864,601888.SH,20191126,83.56,86.33,83.56,84.38,83.03,1.35,1.6259,145657.9,1240748.952
865,601888.SH,20191125,84.68,84.69,82.18,83.03,84.7,-1.67,-1.9717,119903.1,995937.637
866,601888.SH,20191122,86.26,87.08,83.81,84.7,86.28,-1.58,-1.8312,83215.77,709831.926
867,601888.SH,20191121,85.85,86.33,84.96,86.28,86.41,-0.13,-0.1504,54725.31,469291.448
868,601888.SH,20191120,86.95,87.2,86.0,86.41,86.95,-0.54,-0.621,58022.38,501417.937
869,601888.SH,20191119,86.29,87.25,85.8,86.95,86.65,0.3,0.3462,93283.73,807120.703
870,601888.SH,20191118,84.8,87.1,84.52,86.65,84.5,2.15,2.5444,135544.94,1167570.356
871,601888.SH,20191115,85.35,85.47,84.41,84.5,84.72,-0.22,-0.2597,79434.33,673804.21
872,601888.SH,20191114,85.57,85.94,84.38,84.72,85.3,-0.58,-0.68,124366.9,1056224.094
873,601888.SH,20191113,87.0,87.18,84.98,85.3,86.92,-1.62,-1.8638,172850.76,1479513.687
874,601888.SH,20191112,88.38,88.69,86.28,86.92,87.7,-0.78,-0.8894,72230.13,628886.021
875,601888.SH,20191111,90.05,90.15,87.0,87.7,90.5,-2.8,-3.0939,123769.56,1091371.889
876,601888.SH,20191108,91.5,91.88,90.5,90.5,90.65,-0.15,-0.1655,41184.68,375145.068
877,601888.SH,20191107,92.03,92.3,90.0,90.65,92.39,-1.74,-1.8833,75371.32,683548.898
878,601888.SH,20191106,92.68,92.93,91.94,92.39,92.82,-0.43,-0.4633,48754.23,450182.716
879,601888.SH,20191105,92.82,93.9,91.78,92.82,92.92,-0.1,-0.1076,63977.83,594853.708
880,601888.SH,20191104,91.8,93.33,90.7,92.92,90.81,2.11,2.3235,81681.73,754292.426
881,601888.SH,20191101,90.45,91.45,89.55,90.81,90.35,0.46,0.5091,53304.22,482530.694
882,601888.SH,20191031,90.3,90.7,88.7,90.35,90.15,0.2,0.2219,78455.34,704966.552
883,601888.SH,20191030,89.18,91.36,89.18,90.15,91.93,-1.78,-1.9363,101411.81,916032.544
884,601888.SH,20191029,92.11,92.79,90.5,91.93,91.57,0.36,0.3931,87699.7,807650.381
885,601888.SH,20191028,90.39,92.14,90.2,91.57,90.39,1.18,1.3055,65725.2,601497.786
886,601888.SH,20191025,88.63,90.63,88.1,90.39,88.65,1.74,1.9628,84542.71,759785.797
887,601888.SH,20191024,92.07,92.2,87.11,88.65,92.07,-3.42,-3.7146,177140.52,1575564.33
888,601888.SH,20191023,93.5,94.31,92.0,92.07,94.32,-2.25,-2.3855,61741.07,572412.911
889,601888.SH,20191022,95.66,95.66,93.0,94.32,94.75,-0.43,-0.4538,56967.54,534045.704
890,601888.SH,20191021,95.08,96.05,94.1,94.75,95.25,-0.5,-0.5249,31630.95,300191.067
891,601888.SH,20191018,96.7,96.89,94.99,95.25,96.25,-1.0,-1.039,36655.04,351000.455
892,601888.SH,20191017,95.7,97.5,95.55,96.25,95.7,0.55,0.5747,36124.58,348044.344
893,601888.SH,20191016,95.5,96.9,95.31,95.7,95.31,0.39,0.4092,44167.12,424640.878
894,601888.SH,20191015,94.63,95.5,94.08,95.31,94.63,0.68,0.7186,37971.62,361146.427
895,601888.SH,20191014,95.6,95.85,94.09,94.63,94.81,-0.18,-0.1899,50312.76,476394.139
896,601888.SH,20191011,95.8,95.88,94.8,94.81,95.28,-0.47,-0.4933,46753.19,444897.708
897,601888.SH,20191010,93.93,95.49,91.91,95.28,93.25,2.03,2.1769,83925.74,788027.476
898,601888.SH,20191009,96.79,96.8,92.56,93.25,97.1,-3.85,-3.965,159048.53,1489980.697
899,601888.SH,20191008,93.79,98.27,93.67,97.1,93.06,4.04,4.3413,188864.2,1826621.093
900,601888.SH,20190930,92.58,94.58,92.58,93.06,93.01,0.05,0.0538,56936.41,534488.265
901,601888.SH,20190927,93.9,94.35,92.0,93.01,93.53,-0.52,-0.556,55277.26,514389.134
902,601888.SH,20190926,94.82,95.4,93.38,93.53,94.19,-0.66,-0.7007,53685.67,506043.095
903,601888.SH,20190925,93.78,95.35,93.22,94.19,93.8,0.39,0.4158,65838.48,623668.975
904,601888.SH,20190924,93.2,94.15,92.2,93.8,92.79,1.01,1.0885,57464.71,537529.209
905,601888.SH,20190923,93.65,93.65,92.0,92.79,93.37,-0.58,-0.6212,64665.68,598508.878
906,601888.SH,20190920,95.86,95.96,93.37,93.37,95.61,-2.24,-2.3429,159888.23,1510244.8
907,601888.SH,20190919,94.69,95.9,94.0,95.61,93.8,1.81,1.9296,89496.98,851250.985
908,601888.SH,20190918,92.3,95.06,92.08,93.8,92.04,1.76,1.9122,83781.26,786154.077
909,601888.SH,20190917,92.8,93.47,91.7,92.04,92.75,-0.71,-0.7655,56199.9,520414.412
910,601888.SH,20190916,93.0,93.09,91.8,92.75,92.39,0.36,0.3897,52638.57,486828.252
911,601888.SH,20190912,91.1,92.65,90.0,92.39,91.11,1.28,1.4049,67651.01,619206.501
912,601888.SH,20190911,93.09,93.3,90.4,91.11,92.99,-1.88,-2.0217,109408.51,998087.111
913,601888.SH,20190910,93.69,94.29,92.37,92.99,93.8,-0.81,-0.8635,64306.49,599675.182
914,601888.SH,20190909,94.86,95.45,93.53,93.8,94.18,-0.38,-0.4035,69488.87,655056.006
915,601888.SH,20190906,94.0,95.3,92.42,94.18,93.05,1.13,1.2144,84791.11,797720.806
916,601888.SH,20190905,93.25,95.0,92.86,93.05,92.24,0.81,0.8781,109571.3,1026695.424
917,601888.SH,20190904,94.0,94.0,91.31,92.24,94.58,-2.34,-2.4741,118642.39,1093515.594
918,601888.SH,20190903,94.18,95.45,93.75,94.58,94.39,0.19,0.2013,65077.87,614370.752
919,601888.SH,20190902,96.03,96.18,92.15,94.39,95.48,-1.09,-1.1416,108784.46,1022034.88
920,601888.SH,20190830,95.0,96.35,94.43,95.48,94.9,0.58,0.6112,87519.67,835741.0
921,601888.SH,20190829,95.0,95.3,93.53,94.9,94.89,0.01,0.0105,51408.58,485173.172
922,601888.SH,20190828,95.02,95.7,93.38,94.89,95.57,-0.68,-0.7115,62220.79,588588.616
923,601888.SH,20190827,95.37,96.64,94.84,95.57,94.84,0.73,0.7697,75944.15,726377.95
924,601888.SH,20190826,94.5,96.5,93.75,94.84,95.28,-0.44,-0.4618,76118.89,724128.471
925,601888.SH,20190823,94.75,96.88,94.01,95.28,94.35,0.93,0.9857,65128.97,621860.364
926,601888.SH,20190822,91.52,94.8,91.2,94.35,90.8,3.55,3.9097,96727.25,905871.781
927,601888.SH,20190821,91.3,91.35,90.19,90.8,91.2,-0.4,-0.4386,32426.27,294338.289
928,601888.SH,20190820,90.8,91.37,90.03,91.2,90.9,0.3,0.33,44822.75,406422.006
929,601888.SH,20190819,91.2,92.45,89.6,90.9,90.72,0.18,0.1984,74449.93,674633.92
930,601888.SH,20190816,87.55,91.76,86.86,90.72,87.43,3.29,3.763,103338.41,930620.676
931,601888.SH,20190815,87.0,88.28,86.5,87.43,88.65,-1.22,-1.3762,51406.2,449050.432
932,601888.SH,20190814,87.41,88.8,87.41,88.65,86.8,1.85,2.1313,73436.34,648288.593
933,601888.SH,20190813,86.9,87.19,84.48,86.8,87.6,-0.8,-0.9132,81815.58,702058.189
934,601888.SH,20190812,87.6,88.14,86.88,87.6,87.4,0.2,0.2288,44986.58,393001.472
935,601888.SH,20190809,88.3,88.49,87.15,87.4,87.52,-0.12,-0.1371,45063.98,395412.363
936,601888.SH,20190808,86.5,87.8,86.4,87.52,86.2,1.32,1.5313,53567.16,467536.255
937,601888.SH,20190807,86.17,87.59,85.2,86.2,85.85,0.35,0.4077,74587.7,644292.133
938,601888.SH,20190806,82.3,85.9,82.27,85.85,85.8,0.05,0.0583,149509.64,1254524.369
939,601888.SH,20190805,89.33,89.88,85.73,85.8,90.47,-4.67,-5.1619,121512.67,1065522.288
940,601888.SH,20190802,88.9,91.1,87.75,90.47,89.5,0.97,1.0838,70292.76,627538.802
941,601888.SH,20190801,90.0,91.93,88.18,89.5,90.5,-1.0,-1.105,86907.26,783723.595
942,601888.SH,20190731,89.26,90.56,88.03,90.5,89.94,0.56,0.6226,62760.69,559590.46
943,601888.SH,20190730,90.68,90.8,88.8,89.94,90.5,-0.56,-0.6188,60138.15,538850.255
944,601888.SH,20190729,89.98,90.5,89.4,90.5,89.6,0.9,1.0045,48526.79,437034.458
945,601888.SH,20190726,87.85,90.49,87.64,89.6,88.1,1.5,1.7026,84197.8,753897.861
946,601888.SH,20190725,86.29,88.12,85.67,88.1,85.97,2.13,2.4776,75869.6,662139.006
947,601888.SH,20190724,86.29,86.55,85.62,85.97,86.13,-0.16,-0.1858,46319.24,398256.339
948,601888.SH,20190723,87.97,88.0,85.6,86.13,88.02,-1.89,-2.1472,75078.42,647601.469
949,601888.SH,20190722,85.19,88.4,85.01,88.02,85.88,2.14,2.4918,71568.52,621372.045
950,601888.SH,20190719,85.8,87.35,85.34,85.88,85.2,0.68,0.7981,59662.76,513830.69
951,601888.SH,20190718,85.01,85.7,84.75,85.2,84.71,0.49,0.5784,61637.77,525353.524
952,601888.SH,20190717,85.8,85.8,82.5,84.71,86.2,-1.49,-1.7285,126942.11,1070902.048
953,601888.SH,20190716,88.12,88.12,86.05,86.2,87.82,-1.62,-1.8447,64104.23,555410.112
954,601888.SH,20190715,88.4,88.41,86.6,87.82,87.71,0.11,0.1254,58777.09,514621.208
955,601888.SH,20190712,86.0,88.86,86.0,87.71,86.12,1.59,1.8463,76338.25,670242.271
956,601888.SH,20190711,88.59,89.6,85.33,86.12,87.94,-1.82,-2.0696,110088.46,963700.892
957,601888.SH,20190710,85.88,88.77,85.1,87.94,85.02,2.92,3.4345,100088.02,874445.226
958,601888.SH,20190709,85.62,85.79,84.57,85.02,85.0,0.02,0.0235,49925.51,425099.144
959,601888.SH,20190708,86.89,86.9,83.98,85.0,86.5,-1.5,-1.7341,93275.76,792950.902
960,601888.SH,20190705,83.5,87.33,83.26,86.5,83.3,3.2,3.8415,151454.28,1295168.829
961,601888.SH,20190704,86.3,86.33,81.65,83.3,88.18,-4.88,-5.5341,287743.83,2401866.198
962,601888.SH,20190703,91.0,91.69,87.5,88.18,91.18,-3.0,-3.2902,94825.75,846385.614
963,601888.SH,20190702,90.2,91.6,88.58,91.18,90.2,0.98,1.0865,91137.47,822380.513
964,601888.SH,20190701,89.6,91.28,89.41,90.2,88.65,1.55,1.7484,90370.56,813870.695
965,601888.SH,20190628,86.58,88.69,85.81,88.65,86.58,2.07,2.3909,61963.63,540173.325
966,601888.SH,20190627,85.41,87.23,84.6,86.58,85.0,1.58,1.8588,85341.83,737800.15
967,601888.SH,20190626,84.37,85.4,84.07,85.0,84.52,0.48,0.5679,53412.23,452591.434
968,601888.SH,20190625,85.62,85.99,83.6,84.52,85.51,-0.99,-1.1578,71395.84,604595.987
969,601888.SH,20190624,84.87,86.49,83.78,85.51,84.49,1.02,1.2072,69309.04,590280.377
970,601888.SH,20190621,85.6,87.2,84.3,85.04,85.68,-0.64,-0.747,91475.1,780237.91
971,601888.SH,20190620,82.68,87.89,82.03,85.68,82.67,3.01,3.641,125663.52,1070179.97
972,601888.SH,20190619,81.48,82.98,80.88,82.67,80.03,2.64,3.2988,84067.12,690780.62
973,601888.SH,20190618,81.4,81.58,79.79,80.03,81.3,-1.27,-1.5621,55385.18,445827.925
974,601888.SH,20190617,79.92,82.06,79.52,81.3,79.46,1.84,2.3156,77653.97,629353.185
975,601888.SH,20190614,78.99,81.6,78.88,79.46,78.5,0.96,1.2229,83920.11,672783.421
976,601888.SH,20190613,79.15,79.2,77.77,78.5,79.05,-0.55,-0.6958,46017.88,361120.804
977,601888.SH,20190612,78.65,79.16,78.05,79.05,78.7,0.35,0.4447,59990.56,471844.516
978,601888.SH,20190611,76.32,78.98,76.32,78.7,75.94,2.76,3.6344,107302.25,835186.999
979,601888.SH,20190610,74.56,76.5,74.02,75.94,73.93,2.01,2.7188,61192.69,462580.444
980,601888.SH,20190606,75.07,75.49,73.44,73.93,74.55,-0.62,-0.8317,74697.53,554939.197
981,601888.SH,20190605,76.29,76.5,74.41,74.55,75.7,-1.15,-1.5192,59384.24,446426.955
982,601888.SH,20190604,76.51,77.0,75.1,75.7,76.62,-0.92,-1.2007,59629.95,452173.798
983,601888.SH,20190603,77.38,78.43,75.89,76.62,77.39,-0.77,-0.995,67730.53,521090.024
984,601888.SH,20190531,76.2,78.1,75.52,77.39,75.82,1.57,2.0707,78382.58,604342.251
985,601888.SH,20190530,76.65,77.09,75.3,75.82,76.7,-0.88,-1.1473,70941.8,538011.855
986,601888.SH,20190529,77.0,77.46,76.15,76.7,78.0,-1.3,-1.6667,69823.46,536105.262
987,601888.SH,20190528,75.9,78.39,75.6,78.0,75.79,2.21,2.916,96738.0,747901.504
988,601888.SH,20190527,75.15,76.23,73.37,75.79,75.3,0.49,0.6507,71211.89,533505.056
989,601888.SH,20190524,75.6,76.83,75.0,75.3,75.33,-0.03,-0.0398,47628.4,360624.802
990,601888.SH,20190523,76.5,76.89,74.65,75.33,76.97,-1.64,-2.1307,70339.45,532797.56
991,601888.SH,20190522,76.69,78.0,75.8,76.97,76.32,0.65,0.8517,75950.7,584699.25
992,601888.SH,20190521,76.34,78.02,76.1,76.32,76.01,0.31,0.4078,79358.97,611310.564
993,601888.SH,20190520,76.45,76.99,74.5,76.01,77.19,-1.18,-1.5287,82422.53,623894.914
994,601888.SH,20190517,79.2,79.35,76.98,77.19,79.0,-1.81,-2.2911,81274.7,635380.927
995,601888.SH,20190516,77.98,79.04,77.25,79.0,77.8,1.2,1.5424,91346.29,716020.702
996,601888.SH,20190515,76.0,78.13,74.9,77.8,75.15,2.65,3.5263,79930.79,611931.72
997,601888.SH,20190514,75.8,77.0,74.8,75.15,77.02,-1.87,-2.4279,98652.84,745779.932
998,601888.SH,20190513,76.48,78.78,76.15,77.02,77.15,-0.13,-0.1685,64533.29,500140.129
999,601888.SH,20190510,74.05,78.08,74.0,77.15,73.65,3.5,4.7522,125881.93,962406.479
1000,601888.SH,20190509,72.66,74.72,71.41,73.65,73.41,0.24,0.3269,127195.36,933580.571
1001,601888.SH,20190508,75.66,76.65,73.0,73.41,76.4,-2.99,-3.9136,80976.84,610148.074
1002,601888.SH,20190507,76.01,77.7,74.88,76.4,76.01,0.39,0.5131,177226.99,1344596.637
1003,601888.SH,20190506,75.0,76.9,74.0,76.01,77.49,-1.48,-1.9099,152401.2,1153235.413
1004,601888.SH,20190430,79.55,79.75,77.14,77.49,79.98,-2.49,-3.1133,100925.68,790766.286
1005,601888.SH,20190429,78.65,80.88,77.29,79.98,77.3,2.68,3.467,144159.57,1140327.469
1006,601888.SH,20190426,78.8,79.74,75.65,77.3,79.32,-2.02,-2.5466,119972.05,926086.581
1007,601888.SH,20190425,78.25,80.34,78.2,79.32,78.83,0.49,0.6216,80515.21,641011.992
1008,601888.SH,20190424,77.93,79.15,77.41,78.83,77.4,1.43,1.8475,82481.43,646125.39
1009,601888.SH,20190423,78.0,79.5,77.4,77.4,78.0,-0.6,-0.7692,105778.78,828570.803
1010,601888.SH,20190422,78.0,80.15,77.22,78.0,78.64,-0.64,-0.8138,63821.78,501813.068
1011,601888.SH,20190419,78.37,79.3,76.14,78.64,78.23,0.41,0.5241,61654.6,479284.394
1012,601888.SH,20190418,75.7,78.4,75.65,78.23,76.18,2.05,2.691,79968.96,620636.273
1013,601888.SH,20190417,74.86,76.18,74.02,76.18,74.67,1.51,2.0222,97506.56,728916.044
1014,601888.SH,20190416,72.54,74.67,72.54,74.67,72.91,1.76,2.4139,118477.07,872311.998
1015,601888.SH,20190415,72.8,75.5,72.79,72.91,71.38,1.53,2.1435,118805.64,877063.318
1016,601888.SH,20190412,72.18,73.55,70.71,71.38,72.25,-0.87,-1.2042,90567.72,650280.816
1017,601888.SH,20190411,72.56,74.31,71.21,72.25,72.4,-0.15,-0.2072,112941.39,820252.461
1018,601888.SH,20190410,73.38,73.4,71.11,72.4,73.23,-0.83,-1.1334,86004.21,622131.807
1019,601888.SH,20190409,72.0,73.73,71.99,73.23,72.11,1.12,1.5532,73510.37,535911.074
1020,601888.SH,20190408,71.99,74.33,70.88,72.11,72.35,-0.24,-0.3317,115046.17,835830.393
1021,601888.SH,20190404,71.6,72.67,70.69,72.35,71.62,0.73,1.0193,66345.19,477541.473
1022,601888.SH,20190403,70.4,72.19,69.85,71.62,70.42,1.2,1.7041,84944.41,605780.312
1023,601888.SH,20190402,70.35,71.27,69.29,70.42,69.98,0.44,0.6288,95241.92,668505.774
1024,601888.SH,20190401,71.0,73.6,69.86,69.98,70.08,-0.1,-0.1427,160971.15,1145626.593
1025,601888.SH,20190329,67.88,71.18,67.88,70.08,67.79,2.29,3.3781,183314.78,1280088.511
1026,601888.SH,20190328,65.56,69.74,65.02,67.79,65.47,2.32,3.5436,234690.97,1592833.523
1027,601888.SH,20190327,64.15,65.51,63.72,65.47,63.65,1.82,2.8594,149165.64,970930.919
1028,601888.SH,20190326,62.93,64.0,62.9,63.65,62.61,1.04,1.6611,95941.46,608367.289
1029,601888.SH,20190325,63.0,63.43,62.25,62.61,64.25,-1.64,-2.5525,142000.26,891626.575
1030,601888.SH,20190322,63.69,65.68,63.34,64.25,63.9,0.35,0.5477,118578.66,766283.1
1031,601888.SH,20190321,63.48,64.2,62.15,63.9,63.7,0.2,0.314,111708.75,707187.893
1032,601888.SH,20190320,62.96,64.19,62.69,63.7,62.89,0.81,1.288,125577.68,795967.316
1033,601888.SH,20190319,63.2,63.66,62.6,62.89,62.9,-0.01,-0.0159,108453.12,683699.868
1034,601888.SH,20190318,60.95,63.0,60.5,62.9,60.95,1.95,3.1993,174446.14,1084345.39
1035,601888.SH,20190315,60.57,61.38,60.0,60.95,60.14,0.81,1.3469,125815.18,764907.531
1036,601888.SH,20190314,60.0,60.85,59.93,60.14,59.93,0.21,0.3504,77396.11,467218.474
1037,601888.SH,20190313,60.18,60.88,59.4,59.93,60.14,-0.21,-0.3492,105418.71,633207.935
1038,601888.SH,20190312,62.0,62.0,59.93,60.14,61.0,-0.86,-1.4098,160052.73,970460.409
1039,601888.SH,20190311,59.9,61.03,59.9,61.0,59.55,1.45,2.4349,117192.8,712264.824
1040,601888.SH,20190308,60.52,61.0,58.66,59.55,61.5,-1.95,-3.1707,230256.22,1374999.552
1041,601888.SH,20190307,61.5,61.65,60.71,61.5,61.67,-0.17,-0.2757,115113.94,704902.662
1042,601888.SH,20190306,62.38,62.4,60.77,61.67,62.4,-0.73,-1.1699,171152.15,1051490.328
1043,601888.SH,20190305,63.48,64.0,61.19,62.4,63.73,-1.33,-2.0869,193718.98,1207331.793
1044,601888.SH,20190304,64.98,65.95,63.3,63.73,64.45,-0.72,-1.1171,148736.12,964340.46
1045,601888.SH,20190301,64.6,65.55,63.23,64.45,63.8,0.65,1.0188,88637.4,568729.924
1046,601888.SH,20190228,63.0,64.59,62.6,63.8,63.08,0.72,1.1414,72638.42,464629.032
1047,601888.SH,20190227,62.4,64.22,62.36,63.08,62.35,0.73,1.1708,116817.47,743274.001
1048,601888.SH,20190226,64.76,66.04,62.0,62.35,64.77,-2.42,-3.7363,151254.41,971879.578
1049,601888.SH,20190225,63.0,64.92,62.21,64.77,62.93,1.84,2.9239,150921.87,961722.47
1050,601888.SH,20190222,62.6,63.0,61.21,62.93,62.52,0.41,0.6558,73026.46,453373.462
1051,601888.SH,20190221,62.45,63.33,61.8,62.52,62.45,0.07,0.1121,76679.22,480873.586
1052,601888.SH,20190220,61.5,63.51,61.5,62.45,61.5,0.95,1.5447,91214.31,571703.673
1053,601888.SH,20190219,61.02,62.18,60.85,61.5,61.27,0.23,0.3754,87579.51,537148.427
1054,601888.SH,20190218,60.36,61.47,60.3,61.27,59.61,1.66,2.7848,119729.79,729172.991
1055,601888.SH,20190215,61.7,62.36,59.39,59.61,61.83,-2.22,-3.5905,116975.14,705478.233
1056,601888.SH,20190214,60.18,62.48,59.58,61.83,60.0,1.83,3.05,122842.13,754212.904
1057,601888.SH,20190213,58.18,60.35,58.18,60.0,58.18,1.82,3.1282,132804.46,791592.377
1058,601888.SH,20190212,57.8,58.8,57.3,58.18,58.1,0.08,0.1377,94221.77,546344.309
1059,601888.SH,20190211,54.54,58.58,54.54,58.1,54.5,3.6,6.6055,171996.42,976426.364
1060,601888.SH,20190201,54.8,54.9,53.5,54.5,54.5,0.0,0.0,140500.37,762606.688
1061,601888.SH,20190131,54.2,54.85,53.35,54.5,54.4,0.1,0.1838,113524.76,616159.751
1062,601888.SH,20190130,55.8,55.8,54.01,54.4,55.87,-1.47,-2.6311,168843.43,924973.816
1063,601888.SH,20190129,54.67,56.05,54.5,55.87,55.0,0.87,1.5818,91538.97,508052.321
1064,601888.SH,20190128,56.5,56.97,54.67,55.0,56.43,-1.43,-2.5341,158471.33,880517.965
1065,601888.SH,20190125,55.25,57.11,55.06,56.43,56.0,0.43,0.7679,114745.68,647341.062
1066,601888.SH,20190124,53.31,56.12,53.31,56.0,59.11,-3.11,-5.2614,299595.12,1643178.981
1067,601888.SH,20190123,59.15,59.6,58.5,59.11,58.9,0.21,0.3565,40175.03,236839.251
1068,601888.SH,20190122,59.98,59.98,58.39,58.9,59.87,-0.97,-1.6202,66798.61,394899.035
1069,601888.SH,20190121,59.52,60.3,59.28,59.87,59.43,0.44,0.7404,108908.12,651326.973
1070,601888.SH,20190118,58.6,59.95,57.0,59.43,60.8,-1.37,-2.2533,221084.6,1289356.887
1071,601888.SH,20190117,61.16,61.16,60.45,60.8,61.13,-0.33,-0.5398,43180.03,262383.103
1072,601888.SH,20190116,60.99,61.48,60.0,61.13,60.78,0.35,0.5758,68661.35,416962.974
1073,601888.SH,20190115,58.8,60.95,58.8,60.78,58.6,2.18,3.7201,93667.54,561464.028
1074,601888.SH,20190114,60.15,60.64,58.46,58.6,60.68,-2.08,-3.4278,54941.64,324813.994
1075,601888.SH,20190111,60.41,61.0,59.77,60.68,60.1,0.58,0.9651,63140.91,381817.885
1076,601888.SH,20190110,60.86,61.4,59.8,60.1,60.9,-0.8,-1.3136,61271.45,368794.757
1077,601888.SH,20190109,59.61,62.56,59.55,60.9,59.6,1.3,2.1812,127351.12,782591.798
1078,601888.SH,20190108,57.82,59.9,57.74,59.6,58.1,1.5,2.5818,61794.86,364318.263
1079,601888.SH,20190107,57.38,58.58,56.89,58.1,57.1,1.0,1.7513,85276.59,492006.161
1080,601888.SH,20190104,56.05,58.21,55.73,57.1,56.98,0.12,0.2106,106282.91,608741.716
1081,601888.SH,20190103,59.64,59.64,56.5,56.98,59.8,-2.82,-4.7157,112042.84,646870.459
1082,601888.SH,20190102,60.53,60.88,58.9,59.8,60.2,-0.4,-0.6645,69185.54,413201.125
