market_cap,circulating_market_cap,anon_1,anon_2,net_profit_to_total_revenue,inc_revenue_year_on_year,development_expenditure,pe_ratio,pb_ratio,inc_net_profit_year_on_year,dividend_payable,roe,roa,anon_3,gross_profit_margin,anon_4,pcf_ratio,ps_ratio,monthreturn
1000.8977,606.6629,91541995520.0,1.05274809,31.23,27.49,0.0,7.0622,1.0934,16.8,0.0,4.37,0.22,0.99787976,0.0,0.00182868,-1.7001,2.2983,1.0941851499908533
258.6787,223.125,24668372992.0,1.05883491,41.99,24.5,0.0,5.7258,1.0486,19.01,0.0,5.57,0.31,1.00793121,0.0,0.00525726,0.8436,2.2487,0.9866220141047563
1885.866,1508.6927,189026009088.0,1.05764014,43.05,21.97,0.0,5.1839,1.0101,13.04,49000000.0,5.61,0.31,0.99731435,0.0,0.00247517,-2.63,2.1079,0.9574678158469372
667.8483,486.5765,82666979328.0,1.05803289,37.58,11.07,0.0,4.7634,0.8135,16.71,0.0,5.44,0.29,0.99989186,0.0,0.0049577,0.4702,1.5702,1.0359999419029742
2643.7275,2105.2195,191206785024.0,1.05940154,41.51,11.32,0.0,6.3773,1.4281,21.22,0.0,6.57,0.36,0.98463357,0.0,0.00399755,-4.6938,2.4046,0.9259657056182985
2706.0894,2213.4856,212498120704.0,1.05905792,39.89,15.57,0.0,5.6178,1.1285,12.93,0.0,6.21,0.36,0.99852636,0.0,0.00517054,-2.4333,2.2494,0.9645852424535569
246.7183,246.7183,26061766656.0,1.06787645,46.49,3.92,0.0,5.8296,0.9544,5.32,0.0,4.68,0.31,0.99010268,0.0,0.00523925,10.8253,2.6063,0.9831528508424385
2135.7668,1813.735,185560203264.0,1.0547098,37.82,29.01,0.0,5.4409,1.1588,21.07,0.0,5.83,0.3,1.00077985,0.0,0.00182625,-1.5485,2.1387,0.9732382299415835
707.5328,600.8352,76144181248.0,1.06760514,47.24,11.03,0.0,5.4116,0.9316,21.18,0.0,4.83,0.31,0.99883391,0.0,0.00364753,6.5199,2.3395,0.9527363254396123
8087.3735,7075.6719,791230283776.0,1.05890913,39.21,12.41,0.0,5.1529,1.0241,22.32,50830000128.0,5.71,0.32,0.99441969,0.0,0.00974379,-1.7626,1.8090000000000002,1.0200803140846655
3156.1659999999997,1390.1348,398157938688.0,1.07484954,40.28,14.81,0.0,5.0815,0.7963,12.68,0.0,4.31,0.3,0.99977458,0.0,0.00664527,-2.6199,1.9912,0.9505881819904277
13461.9336,10129.043,1175091937280.0,1.06696344,46.18,12.18,0.0,5.3058,1.1491,12.6,0.0,5.88,0.38,0.99618799,0.0,0.00615654,-2.8302,2.3615,0.9869791959158081
1144.3046,1144.3046,127066177536.0,1.05420676,40.96,10.5,0.0,4.4719999999999995,0.902,14.73,0.0,5.58,0.29,0.99831541,0.0,0.0048127,-9.9835,1.8101,0.9964664128764317
10625.4668,407.7304,1000511373312.0,1.07219372,47.89,7.24,0.0,5.1428,1.0707,9.78,0.0,6.03,0.41,0.99470634,0.0,0.00807142,-33.7606,2.1902,1.0164705987317186
7788.2427,5455.1812,886332981248.0,1.07165255,42.29,18.83,0.0,5.2386,0.9163,16.96,0.0,4.77,0.32,0.99589813,0.0,0.01136094,-1.206,1.984,1.0035842488575761
1782.5972,1215.5868,215977033728.0,1.06705345,43.79,14.85,0.0,5.5619,0.8444,3.66,0.0,5.33,0.35,0.99556333,0.0,0.00341553,-6.7321,1.8736,1.041994736668497
1598.2791,1318.5129,150880124928.0,1.06235675,22.99,39.02,0.0,7.4984,1.0593,18.69,0.0,4.14,0.24,0.99974433,0.0,0.00143551,1.0246,1.8748,1.0957923431520815
482.4045,426.7823,38104203264.0,1.06153696,39.24,22.35,0.0,7.9172,1.2690000000000001,14.08,0.0,4.87,0.29,0.99951527,0.0,0.00508944,-2.3243,2.8261,1.202910420611748
2965.9021,2965.9021,288995934208.0,1.0669787,33.99,19.94,0.0,6.144,1.1596,6.29,13000000.0,4.45,0.29,0.98762846,0.0,0.00327799,8.1501,2.1996,1.1056603318093339
1118.7794,815.113,111797993472.0,1.06192306,33.37,9.47,0.0,6.0234,1.0069,3.95,0.0,4.74,0.28,0.99752757,0.0,0.00528992,1.0,1.9684,1.0592168572285119
3137.74,2541.4521,288312786944.0,1.071849,33.53,20.57,0.0,6.8578,1.1195,4.13,0.0,5.02,0.33,0.98968665,0.0,0.00819168,-7.211,2.131,1.0220930669845176
4625.3198,3783.3484,332918161408.0,1.06810506,29.72,23.04,0.0,7.9163,1.3929,2.02,0.0,4.75,0.31,0.99270113,0.0,0.00549009,-3.2582,2.4902,0.9890948297239901
521.0499,459.5909,44331171840.0,1.0645314,30.95,46.02,0.0,8.2581,1.232,24.05,0.0,4.6,0.26,0.99815913,0.0,0.00577805,53.5568,2.6755,1.1434108326285064
2894.05,2457.6838,291430203392.0,1.06028169,34.39,23.52,0.0,5.8637,1.1041,6.86,0.0,4.62,0.27,0.99664101,0.0,0.00202794,2.6273,2.101,1.0546411775885005
1111.3545,1111.3545,103502970880.0,1.0680616000000003,46.48,16.02,0.0,6.6105,1.0763,16.93,0.0,4.96,0.32,1.0010831,0.0,0.0035894,1.5467,2.7662,1.0
10166.0557,9203.9307,1122041331712.0,1.06867884,37.3,3.19,0.0,5.6559,0.9771,-0.59,59113000960.0,4.47,0.29,0.98898872,0.0,0.00860526,-3.3791,1.9240000000000002,1.0255591654883418
4678.5518,2472.8044,491799969792.0,1.074174,39.0,3.55,0.0,7.0459,0.9572,1.74,0.0,3.75,0.27,0.99282041,0.0,0.00868852,1.9462,2.5468,1.0539682172590243
16002.6406,12105.5879,1613636829184.0,1.07756505,42.82,5.6,0.0,5.7827,1.0202,0.07,0.0,4.65,0.34,0.99284245,0.0,0.00803121,3.1587,2.3303,1.0244988880147692
1890.5033,1612.3196,208456122368.0,1.07466514,33.92,19.23,0.0,6.4569,1.0058,2.64,0.0,3.99,0.27,0.9989495,0.0,0.00424586,8.5729,2.1828,1.0814815292837627
13575.5957,520.9356,1312450150400.0,1.07762883,43.8,6.39,0.0,5.9266,1.0431,0.1,0.0,4.98,0.36,0.99251723,0.0,0.00817704,22.2077,2.2839,1.0497238069634027
11451.6855,8198.7783,1267149570048.0,1.08429992,39.97,2.82,0.0,6.7119,1.0221,2.18,0.0,3.67,0.29,0.99575964,0.0,0.01043722,-5.5172,2.4843,1.0334190194098503
2942.9229,2006.8348,291081814016.0,1.06816593,32.05,14.67,0.0,7.1354,1.0399,3.29,0.0,4.21,0.26,0.99883744,0.0,0.00323331,-3.2197,2.2186,1.1828298661850773
1512.4271,1247.6886,150880124928.0,1.06235675,22.99,39.02,0.0,7.0956,1.0024,18.69,0.0,4.14,0.24,0.99974433,0.0,0.00143551,0.9695,1.7741,1.0567643888422786
440.2868,389.5208,38104203264.0,1.06153696,39.24,22.35,0.0,7.226,1.1582,14.08,0.0,4.87,0.29,0.99951527,0.0,0.00508944,-2.1213,2.5793,1.0956596927275584
2883.8267,2307.0613,288995934208.0,1.0669787,33.99,19.94,0.0,5.974,1.1275,6.29,13000000.0,4.45,0.29,0.98762846,0.0,0.00327799,7.9246,2.1387,1.0284605867613335
1131.6021,824.4552,111797993472.0,1.06192306,33.37,9.47,0.0,6.0924,1.0185,3.95,0.0,4.74,0.28,0.99752757,0.0,0.00528992,1.0114,1.9909999999999999,0.9886685434747777
3298.2754,2671.48,288312786944.0,1.071849,33.53,20.57,0.0,7.2087,1.1768,4.13,0.0,5.02,0.33,0.98968665,0.0,0.00819168,-7.58,2.24,0.9513274725330698
4542.0942,3715.2729,332918161408.0,1.06810506,29.72,23.04,0.0,7.7738,1.3678,2.02,0.0,4.75,0.31,0.99270113,0.0,0.00549009,-3.1996,2.4454,1.0183231778856547
500.181,441.1835,44331171840.0,1.0645314,30.95,46.02,0.0,7.9273,1.1827,24.05,0.0,4.6,0.26,0.99815913,0.0,0.00577805,51.4117,2.5684,1.041722696383909
2794.9778,2373.5498,291430203392.0,1.06028169,34.39,23.52,0.0,5.662999999999999,1.0663,6.86,0.0,4.62,0.27,0.99664101,0.0,0.00202794,2.5374,2.0291,1.035446506945422
1108.8201,1108.8201,103502970880.0,1.0680616000000003,46.48,16.02,0.0,6.5954,1.0738,16.93,0.0,4.96,0.32,1.0010831,0.0,0.0035894,1.5432,2.7599,1.0022856728517098
10263.4941,9292.1475,1122041331712.0,1.06867884,37.3,3.19,0.0,5.7101,0.9865,-0.59,59113000960.0,4.47,0.29,0.98898872,0.0,0.00860526,-3.4115,1.9425,0.9905063130498609
4767.667,2519.9055,491799969792.0,1.074174,39.0,3.55,0.0,7.1801,0.9754,1.74,0.0,3.75,0.27,0.99282041,0.0,0.00868852,1.9833,2.5954,0.9813084261128137
16180.8438,12240.3945,1613636829184.0,1.07756505,42.82,5.6,0.0,5.8471,1.0315,0.07,0.0,4.65,0.34,0.99284245,0.0,0.00803121,3.1939,2.3563,0.9889867795398902
1937.1824,1652.1299,208456122368.0,1.07466514,33.92,19.23,0.0,6.6163,1.0306,2.64,0.0,3.99,0.27,0.9989495,0.0,0.00424586,8.7846,2.2367,0.9759036113481107
13775.6045,528.6105,1312450150400.0,1.07762883,43.8,6.39,0.0,6.0139,1.0585,0.1,0.0,4.98,0.36,0.99251723,0.0,0.00817704,22.5349,2.3175,0.9854809420523071
11510.5625,8240.9316,1267149570048.0,1.08429992,39.97,2.82,0.0,6.7464,1.0274,2.18,0.0,3.67,0.29,0.99575964,0.0,0.01043722,-5.5455,2.497,0.9948849589235973
2872.7419,1958.9771,291081814016.0,1.06816593,32.05,14.67,0.0,6.9652,1.0151,3.29,0.0,4.21,0.26,0.99883744,0.0,0.00323331,-3.1429,2.1657,1.0244299705448652
1808.6167,1492.0325,150880124928.0,1.06235675,22.99,39.02,0.0,8.4852,1.1987,18.69,0.0,4.14,0.24,0.99974433,0.0,0.00143551,1.1594,2.1216,0.8362341783087595
528.0321,467.1489,35949641728.0,1.06279034,39.99,24.7,0.0,8.9848,1.5347,17.2,0.0,5.01,0.3,1.00079584,0.0,0.00556062,6.2329,3.2537,0.8338258223316348
2889.4226,2311.5381,288723828736.0,1.07278858,34.28,19.52,0.0,6.0817,1.1967,4.64,12000000.0,4.1,0.27,0.99269973,0.0,0.00365753,-63.3229,2.2474,0.9980633154873227
1169.0016,851.7035,111797993472.0,1.06192306,33.37,9.47,0.0,6.2938,1.0521,3.95,0.0,4.74,0.28,0.99752757,0.0,0.00528992,1.0449,2.0568,0.968007314960048
3305.5725,2677.3904,261778046976.0,1.06971492,37.65,15.37,0.0,7.3056,1.3219,4.93,0.0,5.41,0.34,0.99765136,0.0,0.00850163,12.347999999999999,2.3566,0.9977924852654116
4474.0005,3659.5747,332114952192.0,1.07256442,34.1,24.16,0.0,7.6891,1.4229,15.61,0.0,5.33,0.36,0.99581431,0.0,0.00580471,6.1849,2.5458,1.015219868661168
587.0226,517.7819,44331171840.0,1.0645314,30.95,46.02,0.0,9.3036,1.3880000000000001,24.05,0.0,4.6,0.26,0.99815913,0.0,0.00577805,60.3378,3.0143,0.8520642987169489
2983.5959,2533.728,276360855552.0,1.0652306,43.56,19.6,0.0,6.1435,1.1973,10.81,0.0,5.57,0.33,0.99593919,0.0,0.00230887,-3.8006,2.2862,0.936781619789731
1125.2939,1125.2939,100499980288.0,1.07040969,47.05,20.31,0.0,6.9951,1.1529,10.45,0.0,5.08,0.33,1.00286394,0.0,0.00390088,1.3959,2.9098,0.9853604467241847
11140.4385,10086.0967,1125519458304.0,1.0716389,38.95,2.46,0.0,6.1841,1.1314,1.49,0.0,5.02,0.33,0.98340455,0.0,0.00905044,11.144,2.1252,0.9212827753593361
5035.0127,2217.6738,492839108608.0,1.08034023,38.56,10.46,0.0,7.6138,1.0716,1.57,0.0,3.95,0.3,0.99435213,0.0,0.00875432,4.4351,2.7653,0.9469026761342628
17000.5781,12860.5029,1621259976704.0,1.08198378,41.1,11.39,0.0,6.1411,1.1441,1.36,0.0,4.73,0.35,0.99350637,0.0,0.00792746,6.5965,2.5096,0.9517819749906035
2119.231,1807.3903,188068921344.0,1.07016256,37.6,24.1,0.0,7.2891,1.1848,2.35,0.0,4.56,0.3,0.99963701,0.0,0.00450019,5.625,2.5578,0.9140968587190352
14975.6572,574.6601,1316262772736.0,1.08145373,41.34,10.19,0.0,6.537999999999999,1.2169,1.83,0.0,5.26,0.39,0.99259917,0.0,0.00849776,-11.9893,2.5578,0.9198664416543936
12864.7461,9210.4531,1272041177088.0,1.08625667,39.34,1.17,0.0,7.5644,1.199,1.21,0.0,3.87,0.31,0.9962856,0.0,0.01053448,-8.5474,2.8105,0.8947368576516251
3555.8369,2424.7925,278749249536.0,1.06714477,33.64,10.71,0.0,8.691,1.3130000000000002,1.52,0.0,4.12,0.26,1.0005466,0.0,0.00331293,125.4706,2.78,0.8078947321796452
1943.1182,1602.9906,136704032768.0,1.0630533000000002,27.23,28.39,0.0,9.5358,1.3433,11.38,0.0,4.21,0.25,1.00134461,0.0,0.00160406,-3.7376,2.4919,0.9307805876142791
615.3875,544.432,35949641728.0,1.06279034,39.99,24.7,0.0,10.4712,1.7886,17.2,0.0,5.01,0.3,1.00079584,0.0,0.00556062,7.2641,3.792,0.8580481403993419
3184.1477,2547.3181,288723828736.0,1.07278858,34.28,19.52,0.0,6.7021,1.3187,4.64,12000000.0,4.1,0.27,0.99269973,0.0,0.00365753,-69.7819,2.4766,0.9074398778674745
1409.4270000000001,1026.8711,106008936448.0,1.06181009,32.28,5.01,0.0,7.662000000000001,1.3889,11.42,0.0,4.0,0.23,0.99765349,0.0,0.00522162,35.7723,2.5396,0.8294162095660151
3666.7776,2969.9529,261778046976.0,1.06971492,37.65,15.37,0.0,8.1039,1.4663,4.93,0.0,5.41,0.34,0.99765136,0.0,0.00850163,13.6973,2.6141,0.9014924984815006
4660.6274,3812.2290000000003,332114952192.0,1.07256442,34.1,24.16,0.0,8.0099,1.4823,15.61,0.0,5.33,0.36,0.99581431,0.0,0.00580471,6.4429,2.6519999999999997,0.959956700250271
595.7741,525.5012,34298593280.0,1.05461585,35.35,47.86,0.0,9.9924,1.423,25.05,0.0,5.34,0.29,0.99108322,0.0,0.00623985,5.7228,3.3792,0.9853107075315963
3294.1489,2797.4558,276360855552.0,1.0652306,43.56,19.6,0.0,6.7829999999999995,1.3219,10.81,0.0,5.57,0.33,0.99593919,0.0,0.00230887,-4.1962,2.5242,0.9057258765686031
1365.4327,1365.4327,100499980288.0,1.07040969,47.05,20.31,0.0,8.4878,1.3989,10.45,0.0,5.08,0.33,1.00286394,0.0,0.00390088,1.6938,3.5308,0.8241298893749943
12342.1768,11174.1016,1125519458304.0,1.0716389,38.95,2.46,0.0,6.8512,1.2534,1.49,0.0,5.02,0.33,0.98340455,0.0,0.00905044,12.3461,2.3545,0.9026315763034606
6037.5596,2659.2461,492839108608.0,1.08034023,38.56,10.46,0.0,9.1298,1.285,1.57,0.0,3.95,0.3,0.99435213,0.0,0.00875432,5.3182,3.3159,0.8339483224314673
18782.6094,14208.5635,1621259976704.0,1.08198378,41.1,11.39,0.0,6.7848,1.2641,1.36,0.0,4.73,0.35,0.99350637,0.0,0.00792746,7.2879,2.7727,0.9051233371226896
2576.686,2197.5317,188068921344.0,1.07016256,37.6,24.1,0.0,8.8625,1.4406,2.35,0.0,4.56,0.3,0.99963701,0.0,0.00450019,6.8392,3.1099,0.8224638159247964
16900.7422,648.5313,1316262772736.0,1.08145373,41.34,10.19,0.0,7.3785,1.3734,1.83,0.0,5.26,0.39,0.99259917,0.0,0.00849776,-13.5304,2.8866,0.8860946473699834
15808.624,11318.1084,1272041177088.0,1.08625667,39.34,1.17,0.0,9.2954,1.4734,1.21,0.0,3.87,0.31,0.9962856,0.0,0.01053448,-10.5033,3.4537,0.8137802569028146
4809.7373,3279.8508,278749249536.0,1.06714477,33.64,10.71,0.0,11.7557,1.776,1.52,0.0,4.12,0.26,1.0005466,0.0,0.00331293,169.7155,3.7603,0.7392996079016623
2277.9412,1879.2054,136704032768.0,1.0630533000000002,27.23,28.39,0.0,11.179,1.5747,11.38,0.0,4.21,0.25,1.00134461,0.0,0.00160406,-4.3817,2.9213,0.8530150822154671
695.7883,615.0058,35949641728.0,1.06279034,39.99,24.7,0.0,11.8392,2.0223,17.2,0.0,5.01,0.3,1.00079584,0.0,0.00556062,8.2131,4.2874,0.8844464616608242
3437.8347,2750.2678,288723828736.0,1.07278858,34.28,19.52,0.0,7.236000000000001,1.4238,4.64,12000000.0,4.1,0.27,0.99269973,0.0,0.00365753,-75.3415,2.6739,0.9262073304455273
1470.1566,1071.1171,106008936448.0,1.06181009,32.28,5.01,0.0,7.9922,1.4488,11.42,0.0,4.0,0.23,0.99765349,0.0,0.00522162,37.3136,2.6489999999999996,0.9586917475322018
3590.6138,2863.9746,261778046976.0,1.06971492,37.65,15.37,0.0,7.9356,1.4132,4.93,0.0,5.41,0.34,0.99765136,0.0,0.00850163,13.4128,2.5598,1.0212119164695461
4917.8701,4022.6443,332114952192.0,1.07256442,34.1,24.16,0.0,8.452,1.4843,15.61,0.0,5.33,0.36,0.99581431,0.0,0.00580471,6.7986,2.7984,0.9476922540105319
606.2562,606.2562,34298593280.0,1.05461585,35.35,47.86,0.0,10.1682,1.7859,25.05,0.0,5.34,0.29,0.99108322,0.0,0.00623985,5.8235,3.4387,0.9827101149645974
3642.8069,3093.5427,276360855552.0,1.0652306,43.56,19.6,0.0,7.5009,1.4618,10.81,0.0,5.57,0.33,0.99593919,0.0,0.00230887,-4.6403,2.7914,0.904288640718233
1532.2838,1532.2838,100499980288.0,1.07040969,47.05,20.31,0.0,9.525,1.5699,10.45,0.0,5.08,0.33,1.00286394,0.0,0.00390088,1.9008,3.9623,0.89110953205927
12569.5322,11379.9395,1125519458304.0,1.0716389,38.95,2.46,0.0,6.9774,1.2042,1.49,0.0,5.02,0.33,0.98340455,0.0,0.00905044,12.5736,2.3978,0.981912182857529
6497.9888,2862.0422,492839108608.0,1.08034023,38.56,10.46,0.0,9.8261,1.3829,1.57,0.0,3.95,0.3,0.99435213,0.0,0.00875432,5.7238,3.5688,0.9291428141581284
18960.8125,14343.3701,1621259976704.0,1.08198378,41.1,11.39,0.0,6.8492,1.2024,1.36,0.0,4.73,0.35,0.99350637,0.0,0.00792746,7.3571,2.799,0.9906015050779075
2800.7456,2388.6216,188068921344.0,1.07016256,37.6,24.1,0.0,9.6332,1.5658,2.35,0.0,4.56,0.3,0.99963701,0.0,0.00450019,7.434,3.3803,0.9200000171382935
17250.7578,661.9624,1316262772736.0,1.08145373,41.34,10.19,0.0,7.5313,1.321,1.83,0.0,5.26,0.39,0.99259917,0.0,0.00849776,-13.8107,2.9464,0.9797101319224365
14601.6348,10453.9697,1272041177088.0,1.08625667,39.34,1.17,0.0,8.5857,1.2947,1.21,0.0,3.87,0.31,0.9962856,0.0,0.01053448,-9.7014,3.19,1.0826612373567923
3780.4159999999997,2577.9373,278749249536.0,1.06714477,33.64,10.71,0.0,9.2399,1.396,1.52,0.0,4.12,0.26,1.0005466,0.0,0.00331293,133.3951,2.9556,1.2722772573177132
2210.6904,1823.7264,136704032768.0,1.0630533000000002,27.23,28.39,0.0,10.8489,1.5282,11.38,0.0,4.21,0.25,1.00134461,0.0,0.00160406,-4.2523,2.835,1.0304207228655808
594.7186,525.6705,35949641728.0,1.06279034,39.99,24.7,0.0,10.1195,1.6581,17.2,0.0,5.01,0.3,1.00079584,0.0,0.00556062,7.0201,3.6646,1.169945416201881
3130.0525,2504.042,288723828736.0,1.07278858,34.28,19.52,0.0,6.5882,1.2247,4.64,12000000.0,4.1,0.27,0.99269973,0.0,0.00365753,-68.5964,2.4345,1.0983313219187218
1319.6682,961.4752,106008936448.0,1.06181009,32.28,5.01,0.0,7.1741,1.3005,11.42,0.0,4.0,0.23,0.99765349,0.0,0.00522162,33.4941,2.3778,1.1140350278956483
3484.6882,2778.8499,261778046976.0,1.06971492,37.65,15.37,0.0,7.7015,1.3715,4.93,0.0,5.41,0.34,0.99765136,0.0,0.00850163,13.0171,2.4843,1.0303974398627689
4327.7256,3539.927,332114952192.0,1.07256442,34.1,24.16,0.0,7.4377,1.3062,15.61,0.0,5.33,0.36,0.99581431,0.0,0.00580471,5.9827,2.4626,1.1363636594704618
496.4056,496.4056,34298593280.0,1.05461585,35.35,47.86,0.0,8.3258,1.4623,25.05,0.0,5.34,0.29,0.99108322,0.0,0.00623985,4.7683,2.8156,1.2212920241028709
3410.3684,2896.1514,276360855552.0,1.0652306,43.56,19.6,0.0,7.0223,1.3114,10.81,0.0,5.57,0.33,0.99593919,0.0,0.00230887,-4.3443,2.6132,1.0681564196994084
1382.3291,1382.3291,100499980288.0,1.07040969,47.05,20.31,0.0,8.5928,1.3789,10.45,0.0,5.08,0.33,1.00286394,0.0,0.00390088,1.7148,3.5745,1.1084797390143926
11887.4648,10762.4238,1125519458304.0,1.0716389,38.95,2.46,0.0,6.5988,1.1389,1.49,0.0,5.02,0.33,0.98340455,0.0,0.00905044,11.8913,2.2677,1.0573770279429135
4916.1924,2165.3394,492839108608.0,1.08034023,38.56,10.46,0.0,7.4341,1.0035,1.57,0.0,3.95,0.3,0.99435213,0.0,0.00875432,4.3305,2.7,1.321752338252669
18105.4375,13696.3008,1621259976704.0,1.08198378,41.1,11.39,0.0,6.5402,1.1482,1.36,0.0,4.73,0.35,0.99350637,0.0,0.00792746,7.0252,2.6727,1.047244094488189
2408.6414,2054.2146,188068921344.0,1.07016256,37.6,24.1,0.0,8.2845,1.2843,2.35,0.0,4.56,0.3,0.99963701,0.0,0.00450019,6.3932,2.9071,1.1627906088469626
16075.7061,616.8722,1316262772736.0,1.08145373,41.34,10.19,0.0,7.0183,1.2309999999999999,1.83,0.0,5.26,0.39,0.99259917,0.0,0.00849776,-12.8699,2.7457,1.0730948732634518
13070.8184,9357.9893,1272041177088.0,1.08625667,39.34,1.17,0.0,7.6856,1.159,1.21,0.0,3.87,0.31,0.9962856,0.0,0.01053448,-8.6843,2.8556,1.1171171041592927
3438.8684,2345.0295,278749249536.0,1.06714477,33.64,10.71,0.0,8.4051,1.2698,1.52,0.0,4.12,0.26,1.0005466,0.0,0.00331293,121.3433,2.6885,1.0993197646062873
2282.6941,1965.3751,130948923392.0,1.06370629,21.9,26.35,0.0,11.5276,1.7701,16.21,0.0,3.19,0.19,1.00532495,0.0,0.00174346,97.0533,3.1096,0.9684567021047629
630.4667,557.2682,32730677248.0,1.0647889,39.56,20.25,0.0,11.2043,1.8494,12.27,0.0,4.84,0.28,1.00478721,0.0,0.00611542,5.5343,4.1054,0.9432989878767587
3350.1636,2680.1309,263285112832.0,1.06694871,36.5,21.32,0.0,7.1241,1.3662,8.92,12000000.0,4.98,0.3,0.99047682,0.0,0.00251244,-4.3322,2.7197,0.9342984026212928
1502.2134,1094.4728,96902053888.0,1.05743399,31.33,29.43,0.0,8.5582,1.5605,18.18,0.0,4.8,0.25,0.99667723,0.0,0.00496331,-37.7915,2.852,0.8784825112064637
3614.7595,2882.5735,247755964416.0,1.06576347,22.89,18.86,0.0,8.1147,1.5053,-11.29,0.0,3.28,0.21,0.98783985,0.0,0.0083123,-14.5352,2.6683,0.9640166102336822
4506.7866,3686.3923,315060387840.0,1.07133278,24.81,16.43,0.0,8.0606,1.4334,-17.31,0.0,3.28,0.21,0.98744155,0.0,0.00560122,3.7086,2.7172,0.9602685869350902
491.3584,491.3584,30976835584.0,1.06011297,31.81,58.03,0.0,9.3805,1.6024,27.43,0.0,4.32,0.25,0.98975844,0.0,0.00593307,-421.9131,3.438,1.0102719318525948
3819.9934,3244.0132,236916047872.0,1.06303203,40.96,17.15,0.0,8.109,1.5593,11.58,0.0,5.62,0.32,0.99204942,0.0,0.00187507,2.9524,3.0601,0.8927681393376229
1329.5281,1329.5281,92082012160.0,1.06584007,39.13,28.8,0.0,8.8415,1.4475,16.54,0.0,4.18,0.25,1.00426798,0.0,0.00365276,-72.0343,3.7671,1.0397140910372635
12666.9707,11082.3779,1032618770432.0,1.06911063,21.28,14.03,0.0,7.0583,1.278,-4.15,0.0,2.72,0.17,0.99199684,0.0,0.00970005,-16.7646,2.4319,0.9384615376113564
5198.3911,2289.6338,473605079040.0,1.08173082,33.96,5.02,0.0,7.8943,1.1036,5.29,0.0,3.09,0.23,0.96711698,0.0,0.00897006,7.4017,2.9303,0.9457142230025748
19352.8594,14639.9434,1537302593536.0,1.08060247,32.55,15.29,0.0,7.0167,1.2933,-3.08,0.0,3.74,0.27,0.98263851,0.0,0.00831802,52.5008,2.9372,0.9355432768761809
2544.0107,2169.6646,179483181056.0,1.07017841,27.01,24.57,0.0,8.808,1.4214,10.11,0.0,3.16,0.21,0.99035162,0.0,0.00476542,-13.5176,3.2395,0.9467890209738505
17600.7734,675.3935,1252363599872.0,1.08084059,26.56,7.78,0.0,7.7254,1.4169,-1.81,0.0,3.08,0.22,0.99231242,0.0,0.00905434,-20.218,3.0853,0.9133522564411858
13865.665,9927.0557,1183428116480.0,1.08412226,36.73,7.95,0.0,8.1758,1.2969,5.14,0.0,3.58,0.26,0.9964436,0.0,0.01129058,-574.1476,3.0385,0.9426751908401075
3710.2351,2530.0796,267345985536.0,1.06905544,26.75,14.87,0.0,9.1178,1.4288,1.45,0.0,3.3,0.21,0.99189969,0.0,0.00356092,12.9133,2.9749,0.9268599717575848
1712.5917,1474.5232,130948923392.0,1.06370629,21.9,26.35,0.0,8.6486,1.3078,16.21,0.0,3.19,0.19,1.00532495,0.0,0.00174346,72.8143,2.333,1.3328886856102364
571.3198,504.9884,32730677248.0,1.0647889,39.56,20.25,0.0,10.1532,1.6759,12.27,0.0,4.84,0.28,1.00478721,0.0,0.00611542,5.0151,3.7203,1.1035267813228247
2852.1157,2281.6926,234498818048.0,1.06300102,40.03,18.38,0.0,6.0658,1.1631,17.1,12000000.0,5.4,0.31,0.99669369,0.0,0.00244374,-9.3709,2.3207,1.1746240168307338
1102.3949,803.1756,96902053888.0,1.05743399,31.33,29.43,0.0,6.2804,1.1452,18.18,0.0,4.8,0.25,0.99667723,0.0,0.00496331,-27.7332,2.0929,1.3626817395472348
3193.7175,2546.8147,240803119104.0,1.06824445,32.6,25.65,0.0,7.1695,1.3299,6.82,0.0,4.92,0.31,0.9921081,0.0,0.00776661,-4.2028,2.3575,1.1318344531098947
3808.1968,3114.9707,302397784064.0,1.06841192,37.78,21.79,0.0,6.8112,1.2112,16.45,0.0,5.22,0.32,0.98766596,0.0,0.00515961,6.1926,2.296,1.1834437232865698
430.7922,430.7922,30976835584.0,1.06011297,31.81,58.03,0.0,8.2242,1.4049,27.43,0.0,4.32,0.25,0.98975844,0.0,0.00593307,-369.9069,3.0142,1.1405926105440165
3141.7302,2668.0188,236916047872.0,1.06303203,40.96,17.15,0.0,6.6692,1.2825,11.58,0.0,5.62,0.32,0.99204942,0.0,0.00187507,2.4281,2.5167,1.2158884298849086
1167.9572,991.8264,92082012160.0,1.06584007,39.13,28.8,0.0,7.7671,1.2716,16.54,0.0,4.18,0.25,1.00426798,0.0,0.00365276,-63.2803,3.3093,1.1383363191733396
10783.165,9434.2295,958693113856.0,1.06391051,38.04,9.41,0.0,5.9653,1.1266,6.1,0.0,5.2,0.3,0.99931914,0.0,0.00929931,-9.3789,2.1342,1.1746987735048104
4671.1255,2057.3994,457880109056.0,1.07956438,33.07,13.54,0.0,7.1741,1.0248,6.3,0.0,3.29,0.24,0.99399601,0.0,0.0078951,-113.9855,2.6634,1.1128776351652294
16287.7656,12321.2783,1432375787520.0,1.0765216,45.25,11.76,0.0,5.8678,1.1409,7.7,0.0,5.2,0.36,0.99849162,0.0,0.00758321,-9.0318,2.5597,1.188183810798456
1960.5220000000002,1672.0352,173135888384.0,1.07189186,36.59,36.59,0.0,6.9098,1.1342,10.8,0.0,4.43,0.29,0.99979812,0.0,0.00497014,6.7291,2.6327,1.29761905247684
14525.6377,557.3915,1208179752960.0,1.07780811,42.07,12.67,0.0,6.3577,1.2127,4.94,0.0,5.11,0.36,0.99403038,0.0,0.00833701,15.7117,2.5927,1.2117040066337328
12217.0938,8746.7686,1046256549888.0,1.07274916,38.95,11.94,0.0,7.2793,1.2152,5.46,0.0,4.2,0.28,1.002678,0.0,0.01047229,2.0698,2.7256,1.1349397186424157
3368.6875,2297.1719,257684930560.0,1.06802302,34.23,14.12,0.0,8.2785,1.2973,-1.59,0.0,4.19,0.25,0.99610013,0.0,0.00341507,12.5375,2.7011,1.1013889237277128
1593.7728,1372.2213,126736007168.0,1.06281455,28.23,43.1,0.0,8.2884,1.2576,34.98,0.0,4.54,0.26,1.00080857,0.0,0.00165084,11.0833,2.2934,1.0745519687624234
462.4506,408.7591,32730677248.0,1.0647889,39.56,20.25,0.0,8.4271,1.4159,12.27,0.0,4.84,0.28,1.00478721,0.0,0.00611542,4.0595,3.1738,1.235418010053398
2691.6958,2153.3567,234498818048.0,1.06300102,40.03,18.38,0.0,5.7246,1.0977,17.1,12000000.0,5.4,0.31,0.99669369,0.0,0.00244374,-8.8438,2.1902,1.059598079396639
1100.6139,801.8781,96902053888.0,1.05743399,31.33,29.43,0.0,6.2702,1.1433,18.18,0.0,4.8,0.25,0.99667723,0.0,0.00496331,-27.6884,2.0895,1.0016181878131831
3183.4485,2538.6255,240803119104.0,1.06824445,32.6,25.65,0.0,7.1464,1.3257,6.82,0.0,4.92,0.31,0.9921081,0.0,0.00776661,-4.1893,2.3499,1.0032257471732307
3689.6633,3018.0146,302397784064.0,1.06841192,37.78,21.79,0.0,6.3561,1.1735,16.45,0.0,5.22,0.32,0.98766596,0.0,0.00515961,5.9998,2.3046,1.032125831102258
380.3203,380.3203,30976835584.0,1.06011297,31.81,58.03,0.0,7.2607,1.2403,27.43,0.0,4.32,0.25,0.98975844,0.0,0.00593307,-326.5684,2.6611,1.132708929815211
2690.1899,2284.562,236916047872.0,1.06303203,40.96,17.15,0.0,5.7107,1.0981,11.58,0.0,5.62,0.32,0.99204942,0.0,0.00187507,2.0792,2.155,1.1678469984591051
1063.4113,903.0463,92082012160.0,1.06584007,39.13,28.8,0.0,7.0718,1.1578,16.54,0.0,4.18,0.25,1.00426798,0.0,0.00365276,-57.61600000000001,3.0131,1.0983118197070127
10750.6855,9405.8125,958693113856.0,1.06391051,38.04,9.41,0.0,5.9473,1.1232,6.1,0.0,5.2,0.3,0.99931914,0.0,0.00929931,-9.3507,2.1278,1.003021156185808
4537.4526,1998.5232,457880109056.0,1.07956438,33.07,13.54,0.0,6.9688,0.9955,6.3,0.0,3.29,0.24,0.99399601,0.0,0.0078951,-110.7236,2.5872,1.0294599000328952
15824.4375,11970.7822,1432375787520.0,1.0765216,45.25,11.76,0.0,5.7009,1.1085,7.7,0.0,5.2,0.36,0.99849162,0.0,0.00758321,-8.7749,2.4869,1.0292792776994444
1918.5107,1636.2058,173135888384.0,1.07189186,36.59,36.59,0.0,6.7617,1.1099,10.8,0.0,4.43,0.29,0.99979812,0.0,0.00497014,6.5849,2.5763,1.0218978710934477
13975.6133,536.2855,1208179752960.0,1.07780811,42.07,12.67,0.0,6.117000000000001,1.1668,4.94,0.0,5.11,0.36,0.99403038,0.0,0.00833701,15.1168,2.4945,1.039356011660683
11934.248,8497.373,1046256549888.0,1.07274916,38.95,11.94,0.0,7.1107,1.187,5.46,0.0,4.2,0.28,1.002678,0.0,0.01047229,2.0219,2.6625,1.0237003454260378
3158.1445,2153.5986,257684930560.0,1.06802302,34.23,14.12,0.0,7.7611,1.2162,-1.59,0.0,4.19,0.25,0.99610013,0.0,0.00341507,11.7539,2.5322,1.0666666772213875
1753.7213,1509.9353,126736007168.0,1.06281455,28.23,43.1,0.0,9.1202,1.3838,34.98,0.0,4.54,0.26,1.00080857,0.0,0.00165084,12.1956,2.5235,0.908794801089546
481.9496,425.9942,32730677248.0,1.0647889,39.56,20.25,0.0,8.7824,1.4756,12.27,0.0,4.84,0.28,1.00478721,0.0,0.00611542,4.2306,3.3077,0.9595414126290385
3006.9397,2405.5518,234498818048.0,1.06300102,40.03,18.38,0.0,6.395,1.2263,17.1,12000000.0,5.4,0.31,0.99669369,0.0,0.00244374,-9.8795,2.4467,0.8951612165684599
1208.3601,880.3791,96902053888.0,1.05743399,31.33,29.43,0.0,6.8841,1.2552,18.18,0.0,4.8,0.25,0.99667723,0.0,0.00496331,-30.399,2.2941,0.9108327062437761
3493.8623,2784.5574,240803119104.0,1.06824445,32.6,25.65,0.0,7.6382,1.5123,6.82,0.0,4.92,0.31,0.9921081,0.0,0.00776661,-4.5978,2.6912,0.9111545409216615
4080.571,3337.7632,302397784064.0,1.06841192,37.78,21.79,0.0,7.0295,1.3516,16.45,0.0,5.22,0.32,0.98766596,0.0,0.00515961,6.6355,2.5488,0.9042026961422801
412.6817,412.6817,30976835584.0,1.06011297,31.81,58.03,0.0,7.8785,1.3458,27.43,0.0,4.32,0.25,0.98975844,0.0,0.00593307,-354.356,2.8875,0.9215826628609894
3210.3186,2726.2654,236916047872.0,1.06303203,40.96,17.15,0.0,6.9169,1.3719999999999999,11.58,0.0,5.62,0.32,0.99204942,0.0,0.00187507,2.4812,2.679,0.8379822177150891
1204.9178,1023.2133,92082012160.0,1.06584007,39.13,28.8,0.0,8.0129,1.3118,16.54,0.0,4.18,0.25,1.00426798,0.0,0.00365276,-65.2829,3.4139999999999997,0.8825592086032757
12537.0527,10968.7119,958693113856.0,1.06391051,38.04,9.41,0.0,6.9355,1.3099,6.1,0.0,5.2,0.3,0.99931914,0.0,0.00929931,-10.9044,2.4814,0.8575129862858437
5086.9966,2240.5703,457880109056.0,1.07956438,33.07,13.54,0.0,7.8128,1.1161,6.3,0.0,3.29,0.24,0.99399601,0.0,0.0078951,-124.1336,2.9005,0.8919708340280784
17992.8555,13575.0391,1432375787520.0,1.0765216,45.25,11.76,0.0,6.482,1.2604,7.7,0.0,5.2,0.36,0.99849162,0.0,0.00758321,-9.9773,2.8277,0.8794844987222844
2240.5967,1910.8973,173135888384.0,1.07189186,36.59,36.59,0.0,7.8969,1.2963,10.8,0.0,4.43,0.29,0.99979812,0.0,0.00497014,7.6904,3.0088,0.8562498998592651
16375.7188,628.3846,1208179752960.0,1.07780811,42.07,12.67,0.0,7.1675,1.3671,4.94,0.0,5.11,0.36,0.99403038,0.0,0.00833701,17.7129,2.9229,0.8534351053951904
14061.207,9988.8018,1046256549888.0,1.07274916,38.95,11.94,0.0,8.378,1.3986,5.46,0.0,4.2,0.28,1.002678,0.0,0.01047229,2.3822,3.137,0.8487356739716583
3705.5564,2526.8889,257684930560.0,1.06802302,34.23,14.12,0.0,9.1281,1.4817,-1.59,0.0,4.19,0.25,0.99610013,0.0,0.00341507,13.7912,3.0738,0.8522726843396581
1000.8977,606.6629,91541995520.0,1.05274809,31.23,27.49,0.0,7.0622,1.0934,16.8,0.0,4.37,0.22,0.99787976,0.0,0.00182868,-1.7001,2.2983,1.0941851499908533
258.6787,223.125,24668372992.0,1.05883491,41.99,24.5,0.0,5.7258,1.0486,19.01,0.0,5.57,0.31,1.00793121,0.0,0.00525726,0.8436,2.2487,0.9866220141047563
1885.866,1508.6927,189026009088.0,1.05764014,43.05,21.97,0.0,5.1839,1.0101,13.04,49000000.0,5.61,0.31,0.99731435,0.0,0.00247517,-2.63,2.1079,0.9574678158469372
667.8483,486.5765,82666979328.0,1.05803289,37.58,11.07,0.0,4.7634,0.8135,16.71,0.0,5.44,0.29,0.99989186,0.0,0.0049577,0.4702,1.5702,1.0359999419029742
2643.7275,2105.2195,191206785024.0,1.05940154,41.51,11.32,0.0,6.3773,1.4281,21.22,0.0,6.57,0.36,0.98463357,0.0,0.00399755,-4.6938,2.4046,0.9259657056182985
2706.0894,2213.4856,212498120704.0,1.05905792,39.89,15.57,0.0,5.6178,1.1285,12.93,0.0,6.21,0.36,0.99852636,0.0,0.00517054,-2.4333,2.2494,0.9645852424535569
246.7183,246.7183,26061766656.0,1.06787645,46.49,3.92,0.0,5.8296,0.9544,5.32,0.0,4.68,0.31,0.99010268,0.0,0.00523925,10.8253,2.6063,0.9831528508424385
2135.7668,1813.735,185560203264.0,1.0547098,37.82,29.01,0.0,5.4409,1.1588,21.07,0.0,5.83,0.3,1.00077985,0.0,0.00182625,-1.5485,2.1387,0.9732382299415835
707.5328,600.8352,76144181248.0,1.06760514,47.24,11.03,0.0,5.4116,0.9316,21.18,0.0,4.83,0.31,0.99883391,0.0,0.00364753,6.5199,2.3395,0.9527363254396123
8087.3735,7075.6719,791230283776.0,1.05890913,39.21,12.41,0.0,5.1529,1.0241,22.32,50830000128.0,5.71,0.32,0.99441969,0.0,0.00974379,-1.7626,1.8090000000000002,1.0200803140846655
3156.1659999999997,1390.1348,398157938688.0,1.07484954,40.28,14.81,0.0,5.0815,0.7963,12.68,0.0,4.31,0.3,0.99977458,0.0,0.00664527,-2.6199,1.9912,0.9505881819904277
13461.9336,10129.043,1175091937280.0,1.06696344,46.18,12.18,0.0,5.3058,1.1491,12.6,0.0,5.88,0.38,0.99618799,0.0,0.00615654,-2.8302,2.3615,0.9869791959158081
1144.3046,1144.3046,127066177536.0,1.05420676,40.96,10.5,0.0,4.4719999999999995,0.902,14.73,0.0,5.58,0.29,0.99831541,0.0,0.0048127,-9.9835,1.8101,0.9964664128764317
10625.4668,407.7304,1000511373312.0,1.07219372,47.89,7.24,0.0,5.1428,1.0707,9.78,0.0,6.03,0.41,0.99470634,0.0,0.00807142,-33.7606,2.1902,1.0164705987317186
7788.2427,5455.1812,886332981248.0,1.07165255,42.29,18.83,0.0,5.2386,0.9163,16.96,0.0,4.77,0.32,0.99589813,0.0,0.01136094,-1.206,1.984,1.0035842488575761
1782.5972,1215.5868,215977033728.0,1.06705345,43.79,14.85,0.0,5.5619,0.8444,3.66,0.0,5.33,0.35,0.99556333,0.0,0.00341553,-6.7321,1.8736,1.041994736668497
1095.1674,744.9405,94912905216.0,1.05390616,29.92,40.52,0.0,7.3691,1.1539,19.82,0.0,4.47,0.23,0.98795403,0.0,0.00178485,1.8929,2.3026,0.9393712778521348
255.2181,254.1082,25025019904.0,1.05854836,42.38,18.41,0.0,5.4565,1.0199,13.56,0.0,5.38,0.3,1.00690096,0.0,0.00520177,1.147,2.1279,1.0587571962960307
1805.656,1444.5248,198401064960.0,1.05842987,40.46,24.64,0.0,4.7669999999999995,0.9225,17.05,12000000.0,5.46,0.3,0.99586207,0.0,0.00237093,-1.8255,1.9087,1.015495864107006
691.8908,504.0933,82531975168.0,1.05617183,34.32,12.48,0.0,4.6923,0.8441,23.32,0.0,4.67,0.25,0.99803886,0.0,0.00487689,1.9777,1.5807,1.0514800890545155
2448.001,1949.361,196225794048.0,1.06295355,38.34,5.64,0.0,5.8193,1.2894,6.57,0.0,5.53,0.32,0.99794153,0.0,0.00433838,-8.8921,2.197,0.958285066060022
2610.2539,2135.0957,257273888768.0,1.0709115,39.51,19.29,0.0,5.2221,1.0152,15.89,0.0,5.63,0.34,0.9903791999999999,0.0,0.00563061,2.5712,2.0763,1.0338164421476392
242.5618,242.5618,26643496960.0,1.06669942,39.45,27.45,0.0,5.4312,0.9194,29.41,0.0,3.89,0.24,0.99793377,0.0,0.00511561,-19.9027,2.4196,1.0134641975776895
2078.6099,1765.1962,195810033664.0,1.05695728,43.0,20.35,0.0,5.0112,1.0688,24.07,0.0,6.05,0.32,0.99800677,0.0,0.00186479,-1.9944,1.9909999999999999,0.9523373289042837
674.0922,572.4375,78021394432.0,1.06907526,43.24,5.44,0.0,5.3003,0.8661,-10.0,0.0,4.18,0.27,0.99793461,0.0,0.00365717,2.3679,2.201,1.0091383641584935
8249.7705,7217.7534,828772450304.0,1.06018399,39.23,9.21,0.0,5.0612,0.9973,15.31,0.0,5.65,0.32,0.99701648,0.0,0.00958518,-2.8857,1.8057,0.9960629813883912
3000.2141,1321.4458,410554728448.0,1.07663199,35.33,9.4,0.0,4.7949,0.7342,3.54,0.0,3.45,0.24,0.99124865,0.0,0.00714524,10.0275,1.8532,1.0123762500816191
13286.6484,9997.1543,1235388203008.0,1.07056474,46.96,5.39,0.0,5.1406,1.0787,7.72,0.0,5.59,0.36,0.99808881,0.0,0.00641866,-2.5669,2.3012,0.9815303007491339
1140.2611,1140.2611,132346019840.0,1.05650988,45.12,7.83,0.0,4.3485,0.8629,10.47,0.0,5.21,0.27,0.99508297,0.0,0.00488453,-3.0641,1.7732,1.0
10800.4746,414.44599999999997,1049611993088.0,1.07526174,45.17,10.25,0.0,5.1073,1.0371,9.38,0.0,5.58,0.38,0.99485079,0.0,0.00824126,-11.7308,2.1737,1.0
7816.1577,5474.7339,925660872704.0,1.07289166,41.34,10.82,0.0,5.0924,0.879,13.26,0.0,4.54,0.31,0.99928814,0.0,0.01112854,-4.8423,1.943,0.985714246783941
1857.4569,1266.635,224809975808.0,1.07077067,39.69,20.73,0.0,5.3582,0.845,33.13,0.0,4.86,0.31,0.99619961,0.0,0.0036823,-1.7124,1.8626,1.010075550070637
1028.7688,699.7757,94912905216.0,1.05390616,29.92,40.52,0.0,6.9223,1.0839,19.82,0.0,4.47,0.23,0.98795403,0.0,0.00178485,1.7781,2.1630000000000003,1.0800006765368468
270.214,269.0388,25025019904.0,1.05854836,42.38,18.41,0.0,5.7771,1.0798,13.56,0.0,5.38,0.3,1.00690096,0.0,0.00520177,1.2144,2.253,0.9327640314713523
1833.6362,1466.9091,198401064960.0,1.05842987,40.46,24.64,0.0,4.8409,0.9368,17.05,12000000.0,5.46,0.3,0.99586207,0.0,0.00237093,-1.8538,1.9383,0.9389624288612977
727.5094,530.044,82531975168.0,1.05617183,34.32,12.48,0.0,4.9338,0.8876,23.32,0.0,4.67,0.25,0.99803886,0.0,0.00487689,2.0795,1.6621,0.9804160606034781
2345.8828,1868.0436,196225794048.0,1.06295355,38.34,5.64,0.0,5.5765,1.2356,6.57,0.0,5.53,0.32,0.99794153,0.0,0.00433838,-8.5212,2.1054,0.8802906948292557
2698.5234,2207.2971,257273888768.0,1.0709115,39.51,19.29,0.0,5.3987,1.0495,15.89,0.0,5.63,0.34,0.9903791999999999,0.0,0.00563061,2.6582,2.1465,0.989719599985681
245.8277,245.8277,26643496960.0,1.06669942,39.45,27.45,0.0,5.5043,0.9317,29.41,0.0,3.89,0.24,0.99793377,0.0,0.00511561,-20.1707,2.4522,0.9577293364417435
1979.5378,1681.0623,195810033664.0,1.05695728,43.0,20.35,0.0,4.7724,1.0179,24.07,0.0,6.05,0.32,0.99800677,0.0,0.00186479,-1.8994,1.8961,0.9268527228931925
680.2523,577.6686,78021394432.0,1.06907526,43.24,5.44,0.0,5.3488,0.8741,-10.0,0.0,4.18,0.27,0.99793461,0.0,0.00365717,2.3895,2.2211,0.9146184437744642
8217.291,7189.3374,828772450304.0,1.06018399,39.23,9.21,0.0,5.0413,0.9934,15.31,0.0,5.65,0.32,0.99701648,0.0,0.00958518,-2.8744,1.7986,0.9446640748149239
3037.3455,1337.8003,410554728448.0,1.07663199,35.33,9.4,0.0,4.8542,0.7432,3.54,0.0,3.45,0.24,0.99124865,0.0,0.00714524,10.1516,1.8761,0.9193154351390055
13041.248,9812.5098,1235388203008.0,1.07056474,46.96,5.39,0.0,5.0457,1.0588,7.72,0.0,5.59,0.36,0.99808881,0.0,0.00641866,-2.5195,2.2587,0.9322764125028525
1140.2611,1140.2611,132346019840.0,1.05650988,45.12,7.83,0.0,4.3485,0.8629,10.47,0.0,5.21,0.27,0.99508297,0.0,0.00488453,-3.0641,1.7732,1.0398048306655379
10800.4746,414.44599999999997,1049611993088.0,1.07526174,45.17,10.25,0.0,5.1073,1.0371,9.38,0.0,5.58,0.38,0.99485079,0.0,0.00824126,-11.7308,2.1737,0.9189814214275361
7704.4980000000005,5396.5234,925660872704.0,1.07289166,41.34,10.82,0.0,5.0196,0.8664,13.26,0.0,4.54,0.31,0.99928814,0.0,0.01112854,-4.7731,1.9153,0.9101242287297627
1876.1718,1279.3971,224809975808.0,1.07077067,39.69,20.73,0.0,5.4121,0.8535,33.13,0.0,4.86,0.31,0.99619961,0.0,0.0036823,-1.7297,1.8813,0.9077306779688299
1111.0710000000001,650.7077,94912905216.0,1.05390616,29.92,40.52,0.0,7.4761,1.0133,19.82,0.0,4.47,0.23,0.98795403,0.0,0.00178485,1.9204,2.336,1.0351328582961843
252.0459,250.9497,25025019904.0,1.05854836,42.38,18.41,0.0,5.3886,1.0072,13.56,0.0,5.38,0.3,1.00690096,0.0,0.00520177,1.1328,2.1015,1.0491989752660131
1721.7155,1377.3723,198401064960.0,1.05842987,40.46,24.64,0.0,4.2042,0.8424,17.05,12000000.0,5.46,0.3,0.99586207,0.0,0.00237093,-1.7407,1.7209,1.0390031918746157
713.2619,519.6637,82531975168.0,1.05617183,34.32,12.48,0.0,4.8372,0.8702,23.32,0.0,4.67,0.25,0.99803886,0.0,0.00487689,2.0388,1.6296,1.0511861070947432
2065.0588,1644.4218,196225794048.0,1.06295355,38.34,5.64,0.0,4.909,1.0877,6.57,0.0,5.53,0.32,0.99794153,0.0,0.00433838,-7.5011,1.8534,1.0975274408651223
2670.7815,2184.6052,257273888768.0,1.0709115,39.51,19.29,0.0,5.3432,1.0387,15.89,0.0,5.63,0.34,0.9903791999999999,0.0,0.00563061,2.6309,2.1244,0.9933900246051577
235.4364,235.4364,26643496960.0,1.06669942,39.45,27.45,0.0,5.2717,0.8924,29.41,0.0,3.89,0.24,0.99793377,0.0,0.00511561,-19.3181,2.3485,1.0239597615322016
1834.74,1558.0970000000002,195810033664.0,1.05695728,43.0,20.35,0.0,4.4233,0.9434,24.07,0.0,6.05,0.32,0.99800677,0.0,0.00186479,-1.7604,1.7574,1.0259605175665216
622.1713,528.3463,78021394432.0,1.06907526,43.24,5.44,0.0,4.8921,0.7994,-10.0,0.0,4.18,0.27,0.99793461,0.0,0.00365717,2.1855,2.0314,1.0466760520776193
7762.5796,6791.5083,828772450304.0,1.06018399,39.23,9.21,0.0,4.7623,0.9384,15.31,0.0,5.65,0.32,0.99701648,0.0,0.00958518,-2.7153,1.6991,1.0083681589558193
2792.2786,1229.8604,410554728448.0,1.07663199,35.33,9.4,0.0,4.4626,0.6833,3.54,0.0,3.45,0.24,0.99124865,0.0,0.00714524,9.3325,1.7248,1.037233999501339
12158.0479,9154.9736,1235388203008.0,1.07056474,46.96,5.39,0.0,4.704,0.9871,7.72,0.0,5.59,0.36,0.99808881,0.0,0.00641866,-2.3489,2.1057,0.9913295209175809
1185.649,1011.1831,132346019840.0,1.05650988,45.12,7.83,0.0,4.5216,0.8973,10.47,0.0,5.21,0.27,0.99508297,0.0,0.00488453,-3.1860000000000004,1.8438,1.007873915467394
9925.4355,380.8682,1049611993088.0,1.07526174,45.17,10.25,0.0,4.6935,0.9531,9.38,0.0,5.58,0.38,0.99485079,0.0,0.00824126,-10.7804,1.9976,1.0075567465024584
7012.0503,4913.1309,925660872704.0,1.07289166,41.34,10.82,0.0,4.5685,0.7885,13.26,0.0,4.54,0.31,0.99928814,0.0,0.01112854,-4.3441,1.7431,1.0119521532810454
1703.0587,1161.348,224809975808.0,1.07077067,39.69,20.73,0.0,4.9128,0.7747,33.13,0.0,4.86,0.31,0.99619961,0.0,0.0036823,-1.5701,1.7078,1.3351647832220932
1150.1061,673.5689,94912905216.0,1.05390616,29.92,40.52,0.0,7.7387,1.0489,19.82,0.0,4.47,0.23,0.98795403,0.0,0.00178485,1.9879,2.4181,0.8543046593701226
264.4463,263.2962,25025019904.0,1.05854836,42.38,18.41,0.0,5.6538,1.0567,13.56,0.0,5.38,0.3,1.00690096,0.0,0.00520177,1.1885,2.2049,0.9531080601241159
1788.8679,1431.0944,198401064960.0,1.05842987,40.46,24.64,0.0,4.3682,0.8753,17.05,12000000.0,5.46,0.3,0.99586207,0.0,0.00237093,-1.8086,1.788,0.937434843567823
749.7710000000001,546.2632,82531975168.0,1.05617183,34.32,12.48,0.0,5.0848,0.9147,23.32,0.0,4.67,0.25,0.99803886,0.0,0.00487689,2.1431,1.713,0.9548692867555559
2266.4587,1804.7979999999998,196225794048.0,1.06295355,38.34,5.64,0.0,5.3877,1.1938,6.57,0.0,5.53,0.32,0.99794153,0.0,0.00433838,-8.2327,2.0341,0.9436795826017037
2653.1277,2170.165,257273888768.0,1.0709115,39.51,19.29,0.0,5.3078,0.9994,15.89,0.0,5.63,0.34,0.9903791999999999,0.0,0.00563061,2.6135,2.1104,0.9087452141862602
241.0774,241.0774,26643496960.0,1.06669942,39.45,27.45,0.0,5.398,0.9137,29.41,0.0,3.89,0.24,0.99793377,0.0,0.00511561,-19.7809,2.4048,0.921182159754502
1882.3708,1598.5461,195810033664.0,1.05695728,43.0,20.35,0.0,4.5381,0.9679,24.07,0.0,6.05,0.32,0.99800677,0.0,0.00186479,-1.8062,1.8030000000000002,0.9038462028841502
651.2118,553.0075,78021394432.0,1.06907526,43.24,5.44,0.0,5.1204,0.8367,-10.0,0.0,4.18,0.27,0.99793461,0.0,0.00365717,2.2875,2.1263,0.9743243288896177
7827.5381,6848.3413,828772450304.0,1.06018399,39.23,9.21,0.0,4.8022,0.9463,15.31,0.0,5.65,0.32,0.99701648,0.0,0.00958518,-2.7381,1.7133,0.9792531191895444
2896.2463,1275.6531,410554728448.0,1.07663199,35.33,9.4,0.0,4.6287,0.7087,3.54,0.0,3.45,0.24,0.99124865,0.0,0.00714524,9.68,1.7890000000000001,0.9358974752941419
12052.6318,9075.5957,1235388203008.0,1.07056474,46.96,5.39,0.0,4.6632,0.9785,7.72,0.0,5.59,0.36,0.99808881,0.0,0.00641866,-2.3285,2.0874,0.9446064053827647
1194.9847,1019.1452,132346019840.0,1.05650988,45.12,7.83,0.0,4.5572,0.9044,10.47,0.0,5.21,0.27,0.99508297,0.0,0.00488453,-3.2111,1.8583,0.9296876353312307
10000.4395,383.7463,1049611993088.0,1.07526174,45.17,10.25,0.0,4.729,0.9603,9.38,0.0,5.58,0.38,0.99485079,0.0,0.00824126,-10.8619,2.0127,0.9524999376277412
7095.8594,4971.854,925660872704.0,1.07289166,41.34,10.82,0.0,4.6231,0.7979999999999999,13.26,0.0,4.54,0.31,0.99928814,0.0,0.01112854,-4.396,1.764,0.972440942107731
2273.864,1550.5909,224809975808.0,1.07077067,39.69,20.73,0.0,6.5593,1.0344,33.13,0.0,4.86,0.31,0.99619961,0.0,0.0036823,-2.0963,2.2801,1.0061729285480574
982.541,575.4331,112080977920.0,1.06297887,23.81,45.27,0.0,6.4509,0.8766,11.66,0.0,3.42,0.19,0.99849623,0.0,0.0019527000000000001,10.8724,1.8827,1.0629844454328115
252.0459,250.9497,25025019904.0,1.05854836,42.38,18.41,0.0,5.2,0.9882,13.56,0.0,5.38,0.3,1.00690096,0.0,0.00520177,1.1328,1.9739,1.0228835303411006
1676.9471,1341.5577,198401064960.0,1.05842987,40.46,24.64,0.0,4.0949,0.8205,17.05,12000000.0,5.46,0.3,0.99586207,0.0,0.00237093,-1.6954,1.6761,1.095661813064944
715.9333,521.61,82531975168.0,1.05617183,34.32,12.48,0.0,4.8553,0.8735,23.32,0.0,4.67,0.25,0.99803886,0.0,0.00487689,2.0464,1.6357,1.0584578200231782
2138.8108,1703.151,196225794048.0,1.06295355,38.34,5.64,0.0,5.0843,1.1265,6.57,0.0,5.53,0.32,0.99794153,0.0,0.00433838,-7.769,1.9195,1.0384648328875092
2411.0171,1972.1271,257273888768.0,1.0709115,39.51,19.29,0.0,4.6549,0.9082,15.89,0.0,5.63,0.34,0.9903791999999999,0.0,0.00563061,2.375,1.8174,1.0523013295923949
222.0762,222.0762,26643496960.0,1.06669942,39.45,27.45,0.0,4.9725,0.8417,29.41,0.0,3.89,0.24,0.99793377,0.0,0.00511561,-18.2218,2.2153,1.0454546682625154
1701.3737,1444.8398,195810033664.0,1.05695728,43.0,20.35,0.0,4.1018,0.8748,24.07,0.0,6.05,0.32,0.99800677,0.0,0.00186479,-1.6325,1.6297,1.1175811639735584
634.4915,538.8087,78021394432.0,1.06907526,43.24,5.44,0.0,4.9889,0.8153,-10.0,0.0,4.18,0.27,0.99793461,0.0,0.00365717,2.2288,2.0717,1.062413286860423
7665.1411,6706.2593,828772450304.0,1.06018399,39.23,9.21,0.0,4.7026,0.9267,15.31,0.0,5.65,0.32,0.99701648,0.0,0.00958518,-2.6812,1.6777,1.0296610325933857
2710.5896,1193.8804,410554728448.0,1.07663199,35.33,9.4,0.0,4.332,0.6633,3.54,0.0,3.45,0.24,0.99124865,0.0,0.00714524,9.0595,1.6743,1.0383561569040183
11384.9932,8572.8662,1235388203008.0,1.07056474,46.96,5.39,0.0,4.4049,0.9243,7.72,0.0,5.59,0.36,0.99808881,0.0,0.00641866,-2.1995,1.9718,1.0679043708168396
1110.9625,947.4866,132346019840.0,1.05650988,45.12,7.83,0.0,4.2368,0.8408,10.47,0.0,5.21,0.27,0.99508297,0.0,0.00488453,-2.9853,1.7276,1.0630251696164361
9525.418,365.5184,1049611993088.0,1.07526174,45.17,10.25,0.0,4.5044,0.9147,9.38,0.0,5.58,0.38,0.99485079,0.0,0.00824126,-10.345999999999998,1.9171,1.0498688351524312
6900.3042,4834.834,925660872704.0,1.07289166,41.34,10.82,0.0,4.4957,0.7759999999999999,13.26,0.0,4.54,0.31,0.99928814,0.0,0.01112854,-4.2749,1.7154,1.06072875743652
2287.9004,1560.1625,224809975808.0,1.07077067,39.69,20.73,0.0,5.8402,1.0141,33.13,0.0,4.86,0.31,0.99619961,0.0,0.0036823,-2.1093,2.1882,0.991819967337739
1044.4258,611.6764,112080977920.0,1.06297887,23.81,45.27,0.0,6.8572,0.9318,11.66,0.0,3.42,0.19,0.99849623,0.0,0.0019527000000000001,11.5572,2.0012,1.0200547516156724
257.8136,256.6923,25025019904.0,1.05854836,42.38,18.41,0.0,5.319,1.0108,13.56,0.0,5.38,0.3,1.00690096,0.0,0.00520177,1.1587,2.0191,1.014541125836651
1837.3669,1469.8936,207226929152.0,1.05966974,40.65,24.48,0.0,4.4899,0.899,38.69,12000000.0,5.55,0.31,0.98449981,0.0,0.00241133,-7.0511,1.8371,0.9878172944119109
757.7852,552.1021,82531975168.0,1.05617183,34.32,12.48,0.0,5.1392,0.9245,23.32,0.0,4.67,0.25,0.99803886,0.0,0.00487689,2.166,1.7313,0.9800234947845378
2221.0798,1768.6638,204286984192.0,1.06760165,30.67,17.54,0.0,5.2535,1.1234,2.62,0.0,4.63,0.28,0.97870574,0.0,0.00665735,-2.1868,1.9166,0.9770114968404108
2537.1165,2075.2717,265955835904.0,1.07091318,34.93,24.43,0.0,4.9033,0.9557,16.82,0.0,4.69,0.31,0.98813315,0.0,0.00580221,-2.4655,1.9133,0.9920477439644573
232.1706,232.1706,26643496960.0,1.06669942,39.45,27.45,0.0,5.1985,0.88,29.41,0.0,3.89,0.24,0.99793377,0.0,0.00511561,-19.0501,2.316,1.0038364030587852
1901.4232,1614.7257,201170878464.0,1.05786985,28.24,20.28,0.0,4.6139,0.9518,-3.01,0.0,4.11,0.22,0.9871114,0.0,0.00197855,-1.4853,1.7398,0.9989979611061862
674.0922,572.4375,78021394432.0,1.06907526,43.24,5.44,0.0,5.3003,0.8661,-10.0,0.0,4.18,0.27,0.99793461,0.0,0.00365717,2.3679,2.201,0.9869452576368632
7892.4971,6905.1738,844537790464.0,1.06156616,25.32,5.45,0.0,4.7455,0.9361,12.62,0.0,3.39,0.19,0.97690646,0.0,0.010359700000000001,-5.6725,1.706,1.004115237495621
2814.5574,1239.6731,421484036096.0,1.07608766,33.87,6.75,0.0,4.5181,0.6708,-1.9,0.0,3.28,0.23,0.98796502,0.0,0.00736763,-9.9793,1.7117,0.9947229358335345
12158.083999999999,9155.0098,1278463705088.0,1.07247819,38.72,9.04,0.0,4.629,0.9542,7.95,0.0,4.56,0.3,0.98810359,0.0,0.00718177,-4.9778,2.062,1.002890151112626
1180.9811,1007.2021,153051987968.0,1.06766122,30.56,6.44,0.0,4.4207,0.7727,10.74,0.0,3.54,0.21,0.99066783,0.0,0.00522921,-5.5992,1.8084,0.9762845484995485
10000.4395,383.7463,1074329026560.0,1.07518636,29.15,9.83,0.0,4.6588,0.9382,9.04,0.0,3.62,0.25,0.98457243,0.0,0.00883136,-3.2453,1.9662,0.997500009874566
7319.3511,5128.4478,961477083136.0,1.0744591000000001,37.71,5.42,0.0,4.6647,0.7922,11.26,0.0,4.05,0.28,0.99709202,0.0,0.01145773,9.3499,1.7961,1.0114504002957312
2269.1853,1547.4005,230724993024.0,1.067652,30.29,20.87,0.0,5.7924,1.0058,120.72,0.0,3.73,0.24,0.99445426,0.0,0.00377184,-1.6541,2.1703,0.9257732279510185
1065.3715,623.9434,117300002816.0,1.05924835,31.39,49.05,0.0,6.381,0.9082,40.82,0.0,4.41,0.25,1.00223982,0.0,0.00170712,0.8859999999999999,1.8532,1.0852545802098141
261.5625,260.425,27357872128.0,1.05423947,42.55,20.17,0.0,5.1492,0.9566,18.3,0.0,5.68,0.3,1.00073497,0.0,0.00555002,-1.9825,1.9587,1.0132304898446833
1814.9828,1451.9862,219637088256.0,1.06238161,39.16,25.4,0.0,4.2477,0.8376,20.75,12000000.0,5.09,0.29,0.99559314,0.0,0.00232723,-6.3521,1.7186,1.0
742.6473,541.0731,90300088320.0,1.05493064,30.42,15.26,0.0,4.5623,0.828,26.4,0.0,4.25,0.22,0.99759514,0.0,0.00464481,1.5056,1.5854,0.99280573698982
2170.0205,1728.0049,217880985600.0,1.07110446,41.4,8.15,0.0,4.9387,1.0282,14.57,0.0,6.2,0.4,0.99548383,0.0,0.00759235,-1.8412,1.8353,0.9738562838461665
2516.9407,2058.7688,283842183168.0,1.06888191,36.62,32.49,0.0,4.6899,0.8883,14.97,0.0,5.45,0.36,0.99453462,0.0,0.00529589,-2.9360000000000004,1.7647,1.0240480834530588
233.0613,233.0613,28734062592.0,1.06043804,41.8,37.2,0.0,4.9327,0.8190000000000001,19.17,0.0,5.16,0.31,0.99208433,0.0,0.00435418,4.6471,2.0432,1.012738708657336
1899.5179,1613.1078,217434030080.0,1.06080861,47.01,13.97,0.0,4.357,0.885,21.64,0.0,6.45,0.36,1.00017127,0.0,0.00191688,20.9152,1.6841,1.0140421419561247
665.2921,564.9644,83663126528.0,1.06406414,51.25,10.99,0.0,4.8029,0.7971,9.56,0.0,5.6,0.33,0.99730134,0.0,0.00388326,-3.0652,2.1094,1.0701057475355562
7924.9766,6933.5903,905149677568.0,1.06278364,39.33,14.05,0.0,4.588,0.877,13.75,0.0,6.12,0.36,1.03070645,0.0,0.00975028,-7.2511,1.6531,1.0573770653152466
2799.7048,1233.1313,441735708672.0,1.0797698999999998,41.94,6.02,0.0,4.4244,0.6366,5.68,0.0,4.35,0.31,0.99336843,0.0,0.00755031,-5.2974,1.6767,1.029177719022377
12193.2227,9181.4697,1362920210432.0,1.0741856,45.17,10.07,0.0,4.5632,0.8976,6.75,0.0,5.57,0.38,0.99689515,0.0,0.007062899999999999,-5.526,2.017,1.0778097737852357
1152.9736,983.3159,163846029312.0,1.06786325,45.6,6.89,0.0,4.2833,0.7048,2.57,0.0,5.16,0.33,0.99869936,0.0,0.00493367,-3.2644,1.7348,1.0283401111699346
9975.4385,382.7869,1147718860800.0,1.07654659,44.74,17.33,0.0,4.5167,0.8757,10.4,0.0,5.97,0.42,0.99441517,0.0,0.00831245,13.5066,1.8808,1.0426064979499396
7403.1606,5187.1704,1012369719296.0,1.07183495,39.32,13.82,0.0,4.5575,0.7612,13.36,0.0,4.78,0.33,0.99653687,0.0,0.01060259,1.2691,1.754,1.0566037835245665
2100.751,1432.5419,243354042368.0,1.06509995,36.68,23.93,0.0,5.1662,0.8828,17.13,0.0,4.62,0.29,0.99839988,0.0,0.00340624,-5.0963,1.9044,0.9777282505161249
1156.1993,677.1351,117300002816.0,1.05924835,31.39,49.05,0.0,6.925,0.9986,40.82,0.0,4.41,0.25,1.00223982,0.0,0.00170712,0.9615,2.0112,0.9604743749628633
265.0231,263.8705,27357872128.0,1.05423947,42.55,20.17,0.0,5.2173,1.0119,18.3,0.0,5.68,0.3,1.00073497,0.0,0.00555002,-2.0088,1.9846,0.9619150179739049
1814.9828,1451.9862,219637088256.0,1.06238161,39.16,25.4,0.0,4.2477,0.888,20.75,12000000.0,5.09,0.29,0.99559314,0.0,0.00232723,-6.3521,1.7186,0.9260021086701207
737.3045,537.1805,90300088320.0,1.05493064,30.42,15.26,0.0,4.5295,0.8591,26.4,0.0,4.25,0.22,0.99759514,0.0,0.00464481,1.4948,1.574,0.9347825762625889
2113.2881,1682.8282,217880985600.0,1.07110446,41.4,8.15,0.0,4.8096,1.015,14.57,0.0,6.2,0.4,0.99548383,0.0,0.00759235,-1.7930000000000001,1.7873,0.9712776028975887
2577.4683,2108.2781,283842183168.0,1.06888191,36.62,32.49,0.0,4.8027,0.9097,14.97,0.0,5.45,0.36,0.99453462,0.0,0.00529589,-3.0066,1.8072,0.9569471717654103
236.0302,236.0302,28734062592.0,1.06043804,41.8,37.2,0.0,4.9955,0.8295,19.17,0.0,5.16,0.31,0.99208433,0.0,0.00435418,4.7063,2.0692,1.00377366964058
1926.1912,1635.7592,217434030080.0,1.06080861,47.01,13.97,0.0,4.4182,0.8974,21.64,0.0,6.45,0.36,1.00017127,0.0,0.00191688,21.2089,1.7077,0.982195848470287
711.9329,604.5717,83663126528.0,1.06406414,51.25,10.99,0.0,5.1396,0.8694,9.56,0.0,5.6,0.33,0.99730134,0.0,0.00388326,-3.28,2.2573,1.0123609963804174
8379.6885,7331.4189,905149677568.0,1.06278364,39.33,14.05,0.0,4.8512,0.9273,13.75,0.0,6.12,0.36,1.03070645,0.0,0.00975028,-7.6672,1.7480000000000002,0.9186046235489541
2881.3938,1269.1113,441735708672.0,1.0797698999999998,41.94,6.02,0.0,4.5535,0.6552,5.68,0.0,4.35,0.31,0.99336843,0.0,0.00755031,-5.4519,1.7256,0.9510309559214016
13141.9746,9895.8779,1362920210432.0,1.0741856,45.17,10.07,0.0,4.9183,1.0376,6.75,0.0,5.57,0.38,0.99689515,0.0,0.007062899999999999,-5.956,2.174,0.927847707147448
1185.649,1011.1831,163846029312.0,1.06786325,45.6,6.89,0.0,4.4047,0.7248,2.57,0.0,5.16,0.33,0.99869936,0.0,0.00493367,-3.3569,1.7839,1.007873915467394
10400.457,399.0962,1147718860800.0,1.07654659,44.74,17.33,0.0,4.7091,0.9129999999999999,10.4,0.0,5.97,0.42,0.99441517,0.0,0.00831245,14.0821,1.9609999999999999,0.9447115256569976
7822.2075,5480.7837,1012369719296.0,1.07183495,39.32,13.82,0.0,4.8154,0.8523,13.36,0.0,4.78,0.33,0.99653687,0.0,0.01060259,1.341,1.8533,0.9178573184104358
2053.9636,1400.6367,243354042368.0,1.06509995,36.68,23.93,0.0,5.0512,0.9082,17.13,0.0,4.62,0.29,0.99839988,0.0,0.00340624,-4.9828,1.8619999999999999,0.9817767948760143
1110.4998,650.3709,117300002816.0,1.05924835,31.39,49.05,0.0,6.6513,0.9592,40.82,0.0,4.41,0.25,1.00223982,0.0,0.00170712,0.9235,1.9317,1.0884773684785893
254.9297,253.9216,27357872128.0,1.05423947,42.55,20.17,0.0,5.0186,0.9734,18.3,0.0,5.68,0.3,1.00073497,0.0,0.00555002,-1.9323,1.909,1.0950226670333036
1680.6779,1344.5422,219637088256.0,1.06238161,39.16,25.4,0.0,3.9333,0.8223,20.75,12000000.0,5.09,0.29,0.99559314,0.0,0.00232723,-5.882000000000001,1.5915,1.074361720351056
689.2194,502.147,90300088320.0,1.05493064,30.42,15.26,0.0,4.2341,0.8031,26.4,0.0,4.25,0.22,0.99759514,0.0,0.00464481,1.3973,1.4714,1.105943187321773
2052.5894,1634.4945,217880985600.0,1.07110446,41.4,8.15,0.0,4.6715,0.9858,14.57,0.0,6.2,0.4,0.99548383,0.0,0.00759235,-1.7415,1.736,1.0530679443243738
2466.501,2017.5107,283842183168.0,1.06888191,36.62,32.49,0.0,4.5959,0.9214,14.97,0.0,5.45,0.36,0.99453462,0.0,0.00529589,-2.8772,1.7293,1.1032718819088254
236.9209,236.9209,28734062592.0,1.06043804,41.8,37.2,0.0,5.0144,0.8746,19.17,0.0,5.16,0.31,0.99208433,0.0,0.00435418,4.7241,2.077,1.0313281774634488
1891.8970000000002,1606.6359,217434030080.0,1.06080861,47.01,13.97,0.0,4.3395,0.919,21.64,0.0,6.45,0.36,1.00017127,0.0,0.00191688,20.8313,1.6773,1.0594159195770172
720.7331,612.0448,83663126528.0,1.06406414,51.25,10.99,0.0,5.2031,0.8802,9.56,0.0,5.6,0.33,0.99730134,0.0,0.00388326,-3.3206,2.2852,1.0373626519997485
7697.6206,6734.6758,905149677568.0,1.06278364,39.33,14.05,0.0,4.4563,0.9097,13.75,0.0,6.12,0.36,1.03070645,0.0,0.00975028,-7.0431,1.6057,1.063291103227405
2740.2947,1206.9641,441735708672.0,1.0797698999999998,41.94,6.02,0.0,4.3305,0.6518,5.68,0.0,4.35,0.31,0.99336843,0.0,0.00755031,-5.1849,1.6411,1.1707317099872507
12193.751,9181.9971,1362920210432.0,1.0741856,45.17,10.07,0.0,4.5634,0.9628,6.75,0.0,5.57,0.38,0.99689515,0.0,0.007062899999999999,-5.5263,2.0171,1.0144091920525522
1194.9847,1019.1452,163846029312.0,1.06786325,45.6,6.89,0.0,4.4394,0.7682,2.57,0.0,5.16,0.33,0.99869936,0.0,0.00493367,-3.3833,1.798,1.062500130754812
9825.4316,377.0307,1147718860800.0,1.07654659,44.74,17.33,0.0,4.4488,0.9233,10.4,0.0,5.97,0.42,0.99441517,0.0,0.00831245,13.3035,1.8525,1.045801509625287
7179.6704,5030.5781,1012369719296.0,1.07183495,39.32,13.82,0.0,4.4199,0.7823,13.36,0.0,4.78,0.33,0.99653687,0.0,0.01060259,1.2308,1.7009999999999998,1.0505836312485877
2016.5338,1375.1125,243354042368.0,1.06509995,36.68,23.93,0.0,4.9591,0.8916,17.13,0.0,4.62,0.29,0.99839988,0.0,0.00340624,-4.8919999999999995,1.828,1.0301624500417499
1208.7539,707.914,120940003328.0,1.06000392,26.93,47.6,0.0,6.8015,0.9995,27.3,0.0,4.21,0.24,1.00030159,0.0,0.00163447,1.1689,1.9037,0.9744801650691676
279.1538,278.0499,27357872128.0,1.05423947,42.55,20.17,0.0,5.4955,1.0659,18.3,0.0,5.68,0.3,1.00073497,0.0,0.00555002,-2.1159,2.0904,1.0144629949511703
1805.656,1444.5248,221319004160.0,1.05967244,38.35,28.29,0.0,4.0859,0.8271,14.29,16000000.0,5.49,0.31,0.99936546,0.0,0.00221235,-4.9924,1.6045,0.9917355797560555
762.2375,555.346,92077948928.0,1.05459765,35.14,22.02,0.0,4.5167,0.8334,14.1,0.0,5.46,0.28,0.98683811,0.0,0.00484943,-0.6228,1.5433,0.9871495432853934
2161.5161,1721.2338,217880985600.0,1.07110446,41.4,8.15,0.0,4.9194,1.0382,14.57,0.0,6.2,0.4,0.99548383,0.0,0.00759235,-1.8339,1.8281,0.9937008565423131
2721.2212,2225.863,283842183168.0,1.06888191,36.62,32.49,0.0,5.0706,1.0165,14.97,0.0,5.45,0.36,0.99453462,0.0,0.00529589,-3.1743,1.9079,0.9842447574640385
244.3432,244.3432,28734062592.0,1.06043804,41.8,37.2,0.0,5.1715,0.902,19.17,0.0,5.16,0.31,0.99208433,0.0,0.00435418,4.8721,2.1421,1.0328067243123606
2004.3058,1702.0957,217434030080.0,1.06080861,47.01,13.97,0.0,4.5973,0.9736,21.64,0.0,6.45,0.36,1.00017127,0.0,0.00191688,22.069000000000003,1.777,0.9800380261335371
747.6616,634.9124,83663126528.0,1.06406414,51.25,10.99,0.0,5.3975,0.9131,9.56,0.0,5.6,0.33,0.99730134,0.0,0.00388326,-3.4447,2.3705,1.101694804173439
8184.8115,7160.9209,905149677568.0,1.06278364,39.33,14.05,0.0,4.7384,0.9673,13.75,0.0,6.12,0.36,1.03070645,0.0,0.00975028,-7.4889,1.7073,0.9841270015809161
3208.1499,1413.0311,441735708672.0,1.0797698999999998,41.94,6.02,0.0,5.0698,0.763,5.68,0.0,4.35,0.31,0.99336843,0.0,0.00755031,-6.0702,1.9213,0.9976851144019174
12369.4531,9314.3027,1362920210432.0,1.0741856,45.17,10.07,0.0,4.6291,0.9766,6.75,0.0,5.57,0.38,0.99689515,0.0,0.007062899999999999,-5.6059,2.0462,1.014204597291371
1269.6714,1082.8418,163846029312.0,1.06786325,45.6,6.89,0.0,4.7168,0.8162,2.57,0.0,5.16,0.33,0.99869936,0.0,0.00493367,-3.5948,1.9103,0.9963235369403454
10275.4512,394.2993,1147718860800.0,1.07654659,44.74,17.33,0.0,4.6525,0.9656,10.4,0.0,5.97,0.42,0.99441517,0.0,0.00831245,13.9128,1.9374,1.0024330707735736
7542.8442,5285.043000000001,1012369719296.0,1.07183495,39.32,13.82,0.0,4.6435,0.8219,13.36,0.0,4.78,0.33,0.99653687,0.0,0.01060259,1.2931,1.7871,1.0037037222643417
2077.3574,1416.5894,243354042368.0,1.06509995,36.68,23.93,0.0,5.1087,0.9185,17.13,0.0,4.62,0.29,0.99839988,0.0,0.00340624,-5.0396,1.8832,0.9932431463165655
1177.9067,1014.165,120940003328.0,1.06000392,26.93,47.6,0.0,6.6279,0.9740000000000001,27.3,0.0,4.21,0.24,1.00030159,0.0,0.00163447,1.1391,1.8551,0.9854509699282633
283.1912,282.0712,29220798464.0,1.05903095,42.08,18.14,0.0,5.3175,0.9696,18.41,0.0,5.6,0.3,1.00592098,0.0,0.00623106,-44.1874,2.0327,1.1544592487337177
1790.7333,1432.5865,221319004160.0,1.05967244,38.35,28.29,0.0,4.0522,0.8203,14.29,16000000.0,5.49,0.31,0.99936546,0.0,0.00221235,-4.9512,1.5912,1.0197916685862713
752.4424,548.2095,92077948928.0,1.05459765,35.14,22.02,0.0,4.4587,0.8227,14.1,0.0,5.46,0.28,0.98683811,0.0,0.00484943,-0.6148,1.5235,1.0082839563533368
2147.9004,1710.3914,229298929664.0,1.06860817,38.83,15.25,0.0,4.7834,0.9667,7.81,0.0,5.95,0.38,1.00046115,0.0,0.00780355,163.5872,1.7502,0.9920768672513867
2678.3477,2190.7939,286364008448.0,1.06032834,35.84,30.66,0.0,4.7887,0.9909,17.39,0.0,5.45,0.33,0.99307452,0.0,0.00479543,0.7288,1.7528,0.981167605684654
252.3593,252.3593,29476159488.0,1.06086887,36.43,52.51,0.0,5.088,0.865,19.5,0.0,5.02,0.29,0.98967588,0.0,0.00552879,-14.7535,1.9736,1.0635296579123494
1964.2959,1668.1185,223255986176.0,1.05993539,39.75,8.59,0.0,4.3554,0.9279999999999999,14.11,0.0,5.59,0.32,0.98824714,0.0,0.00187782,-6.8701,1.7047,0.9864209358681651
823.6949,699.4798,87729897472.0,1.06321162,46.12,20.72,0.0,5.6786,0.9413,17.86,0.0,5.06,0.3,1.00025753,0.0,0.00365612,-1.8951,2.4847,1.0051282337671388
8054.894,7047.2554,907737563136.0,1.06011955,38.72,12.89,0.0,4.5253,0.8888,11.5,57488998400.0,5.59,0.32,0.95174115,0.0,0.00925405,1.5387,1.6295,0.9959677433371562
3200.7234,1409.7603,442546257920.0,1.07576044,39.69,7.2,0.0,4.9824,0.7266,5.64,0.0,4.11,0.3,0.99059303,0.0,0.0075658,131.9342,1.8823,0.9814385085571593
12545.1562,9446.6084,1359503949824.0,1.0717637,45.19,9.91,0.0,4.6054,0.9259,7.54,0.0,5.51,0.37,0.99708433,0.0,0.00735379,17.144000000000002,2.0252,0.9806903878964855
1265.0035,1078.8607,165230936064.0,1.06597765,39.4,14.83,0.0,4.5762,0.7669,10.45,0.0,4.67,0.29,0.9954031999999999,0.0,0.0047869,-15.276,1.8338,1.0036900293161244
10300.4521,395.2587,1147012120576.0,1.07520021,46.55,11.07,0.0,4.5656,0.9052,7.96,0.0,5.7,0.4,0.9941014000000001,0.0,0.00839005,-2.7667,1.8924,0.9854368722320449
7570.7808,5304.6172,1006456799232.0,1.06959012,40.22,14.18,0.0,4.5631,0.7839,8.64,0.0,4.58,0.3,0.9949199000000001,0.0,0.01042601,1.0292,1.735,0.9858416188723889
2063.321,1407.0177,246697951232.0,1.06069593,35.58,25.06,0.0,5.0549,0.8623,1.62,0.0,4.75,0.28,0.99993394,0.0,0.00313603,-5.3908,1.7668,1.0476191053161386
1160.7693,999.41,120940003328.0,1.06000392,26.93,47.6,0.0,6.5315,0.9598,27.3,0.0,4.21,0.24,1.00030159,0.0,0.00163447,1.1225,1.8281,1.0757874109868344
326.9327,288.9752,29220798464.0,1.05903095,42.08,18.14,0.0,6.1388,1.0127,18.41,0.0,5.6,0.3,1.00592098,0.0,0.00623106,-51.0125,2.3466,1.1202785772117625
1826.1749,1460.9399,221319004160.0,1.05967244,38.35,28.29,0.0,4.1324,0.8365,14.29,16000000.0,5.49,0.31,0.99936546,0.0,0.00221235,-5.0491,1.6227,1.1133809801021797
758.6756,552.7509,92077948928.0,1.05459765,35.14,22.02,0.0,4.4956,0.8295,14.1,0.0,5.46,0.28,0.98683811,0.0,0.00484943,-0.6199,1.5361,1.0481221486495678
2130.8823,1696.8403,229298929664.0,1.06860817,38.83,15.25,0.0,4.7455,0.9590000000000001,7.81,0.0,5.95,0.38,1.00046115,0.0,0.00780355,162.2911,1.7363,1.081469680422987
2627.908,2149.5359,286364008448.0,1.06032834,35.84,30.66,0.0,4.6985,0.9722,17.39,0.0,5.45,0.33,0.99307452,0.0,0.00479543,0.7151,1.7198,1.0479845945900694
268.3916,268.3916,29476159488.0,1.06086887,36.43,52.51,0.0,5.4113,0.92,19.5,0.0,5.02,0.29,0.98967588,0.0,0.00552879,-15.6908,2.099,1.1902652691067828
1937.6226,1645.467,223255986176.0,1.05993539,39.75,8.59,0.0,4.2963,0.9154,14.11,0.0,5.59,0.32,0.98824714,0.0,0.00187782,-6.7768,1.6815,1.0678465971650002
827.919,703.0668,87729897472.0,1.06321162,46.12,20.72,0.0,5.7077,0.9462,17.86,0.0,5.06,0.3,1.00025753,0.0,0.00365612,-1.9048,2.4974,1.053571424257687
8022.4146,7018.8394,907737563136.0,1.06011955,38.72,12.89,0.0,4.5071,0.8853,11.5,57488998400.0,5.59,0.32,0.95174115,0.0,0.00925405,1.5325,1.6230000000000002,1.0809716690533546
3141.3132,1383.5929999999998,442546257920.0,1.07576044,39.69,7.2,0.0,4.8899,0.7131,5.64,0.0,4.11,0.3,0.99059303,0.0,0.0075658,129.4853,1.8473,1.0874704884568658
12302.9141,9265.1221,1359503949824.0,1.0717637,45.19,9.91,0.0,4.5165,0.9081,7.54,0.0,5.51,0.37,0.99708433,0.0,0.00735379,16.813,1.9861,1.080000022108583
1269.6714,1082.8418,165230936064.0,1.06597765,39.4,14.83,0.0,4.5931,0.7697,10.45,0.0,4.67,0.29,0.9954031999999999,0.0,0.0047869,-15.3323,1.8405,1.1139705911309021
10150.4453,389.5025,1147012120576.0,1.07520021,46.55,11.07,0.0,4.4992,0.892,7.96,0.0,5.7,0.4,0.9941014000000001,0.0,0.00839005,-2.7264,1.8648,1.0763546994337283
7463.5908,5230.876,1006456799232.0,1.06959012,40.22,14.18,0.0,4.4985,0.7728,8.64,0.0,4.58,0.3,0.9949199000000001,0.0,0.01042601,1.0147,1.7105,1.1573033585924888
2161.5745,1474.0186,246697951232.0,1.06069593,35.58,25.06,0.0,5.2956,0.9033,1.62,0.0,4.75,0.28,0.99993394,0.0,0.00313603,-5.6475,1.8509,1.097402564658308
1248.741,1075.1526,126736007168.0,1.06281455,28.23,43.1,0.0,6.4941,0.9853,34.98,0.0,4.54,0.26,1.00080857,0.0,0.00165084,8.6839,1.7969,1.2424519576117066
366.2557,323.7326,32730677248.0,1.0647889,39.56,20.25,0.0,6.6742,1.1214,12.27,0.0,4.84,0.28,1.00478721,0.0,0.00611542,3.215,2.5136,1.1854480353479824
2033.2284,1626.5826,234498818048.0,1.06300102,40.03,18.38,0.0,4.4294,0.8789,17.1,12000000.0,5.4,0.31,0.99669369,0.0,0.00244374,-6.6803,1.7332,1.1706422652762476
795.1847,579.3504,96902053888.0,1.05743399,31.33,29.43,0.0,4.5302,0.826,18.18,0.0,4.8,0.25,0.99667723,0.0,0.00496331,-20.0046,1.5097,1.2026875014069058
2304.4846,1835.0813,240803119104.0,1.06824445,32.6,25.65,0.0,5.038,0.9866,6.82,0.0,4.92,0.31,0.9921081,0.0,0.00776661,-3.0326,1.775,1.2156572450082765
2754.0071,2252.6807,302397784064.0,1.06841192,37.78,21.79,0.0,4.7443,0.9122,16.45,0.0,5.22,0.32,0.98766596,0.0,0.00515961,4.4784,1.7202,1.2472528120933313
319.4572,319.4572,30976835584.0,1.06011297,31.81,58.03,0.0,6.0987,1.0418,27.43,0.0,4.32,0.25,0.98975844,0.0,0.00593307,-274.3073,2.2352,1.174721371125772
2069.0837,1757.1064,236916047872.0,1.06303203,40.96,17.15,0.0,4.458,0.8843,11.58,0.0,5.62,0.32,0.99204942,0.0,0.00187507,1.5991,1.7266,1.1823205122151412
872.2718,740.7311,92082012160.0,1.06584007,39.13,28.8,0.0,5.8007,0.9497,16.54,0.0,4.18,0.25,1.00426798,0.0,0.00365276,-47.26,2.4715,1.119854728766882
8672.0029,7587.166,958693113856.0,1.06391051,38.04,9.41,0.0,4.7974,0.9059999999999999,6.1,0.0,5.2,0.3,0.99931914,0.0,0.00929931,-7.5427,1.7164,1.1235954729673812
3416.0854,1504.6165,457880109056.0,1.07956438,33.07,13.54,0.0,5.2466,0.7495,6.3,0.0,3.29,0.24,0.99399601,0.0,0.0078951,-83.3598,1.9478,1.2108696404369752
13287.1475,10006.332,1432375787520.0,1.0765216,45.25,11.76,0.0,4.7868,0.9307,7.7,0.0,5.2,0.36,0.99849162,0.0,0.00758321,-7.3679,2.0882,1.0925929286176737
1414.3766,1206.2539,173135888384.0,1.07189186,36.59,36.59,0.0,4.9849,0.8183,10.8,0.0,4.43,0.29,0.99979812,0.0,0.00497014,4.8546,1.8993,1.2673266794713656
10925.4795,419.2428,1208179752960.0,1.07780811,42.07,12.67,0.0,4.782,0.9121,4.94,0.0,5.11,0.36,0.99403038,0.0,0.00833701,11.8176,1.9501,1.212814686989253
8637.6387,6053.7104,1046256549888.0,1.07274916,38.95,11.94,0.0,5.1465,0.8591,5.46,0.0,4.2,0.28,1.002678,0.0,0.01047229,1.4634,1.9269999999999998,1.0685821346058386
2372.1174,1617.5918,257684930560.0,1.06802302,34.23,14.12,0.0,5.8434,0.9485,-1.59,0.0,4.19,0.25,0.99610013,0.0,0.00341507,8.8285,1.9677,1.2130178295559908
